"","analysis_id","number_records","number_subjects","reason_id","reason","excluded_records","excluded_subjects","outcome_cohort_id","outcome_cohort_name","analysis_repeated_events","analysis_interval","analysis_complete_database_intervals","denominator_cohort_id","analysis_outcome_washout","analysis_min_cell_count","denominator_cohort_name","denominator_age_group","denominator_sex","denominator_days_prior_history","denominator_start_date","denominator_end_date","denominator_strata_cohort_definition_id","denominator_strata_cohort_name","cdm_name"
"1","1",37145088,34808145,1,"Starting population",NA,NA,1,"testneg_abdominal_pain",FALSE,"years",FALSE,1,NA,5,"Denominator cohort 1","0;150","Male",0,2020-09-01,2022-07-01,NA,NA,"PharMetrics Plus"
"2","1",37145088,34808145,2,"Missing year of birth",0,0,1,"testneg_abdominal_pain",FALSE,"years",FALSE,1,NA,5,"Denominator cohort 1","0;150","Male",0,2020-09-01,2022-07-01,NA,NA,"PharMetrics Plus"
"3","1",37143653,34806847,3,"Missing sex",1435,1298,1,"testneg_abdominal_pain",FALSE,"years",FALSE,1,NA,5,"Denominator cohort 1","0;150","Male",0,2020-09-01,2022-07-01,NA,NA,"PharMetrics Plus"
"4","1",37143653,34806847,4,"Cannot satisfy age criteria during the study period based on year of birth",0,0,1,"testneg_abdominal_pain",FALSE,"years",FALSE,1,NA,5,"Denominator cohort 1","0;150","Male",0,2020-09-01,2022-07-01,NA,NA,"PharMetrics Plus"
"5","1",12017169,11755042,5,"No observation time available during study period",25126484,23051805,1,"testneg_abdominal_pain",FALSE,"years",FALSE,1,NA,5,"Denominator cohort 1","0;150","Male",0,2020-09-01,2022-07-01,NA,NA,"PharMetrics Plus"
"6","1",12017169,11755042,6,"Doesn't satisfy age criteria during the study period",0,0,1,"testneg_abdominal_pain",FALSE,"years",FALSE,1,NA,5,"Denominator cohort 1","0;150","Male",0,2020-09-01,2022-07-01,NA,NA,"PharMetrics Plus"
"7","1",12017169,11755042,7,"Prior history requirement not fulfilled during study period",0,0,1,"testneg_abdominal_pain",FALSE,"years",FALSE,1,NA,5,"Denominator cohort 1","0;150","Male",0,2020-09-01,2022-07-01,NA,NA,"PharMetrics Plus"
"8","1",5837441,5712124,8,"Not Male",6179728,6042918,1,"testneg_abdominal_pain",FALSE,"years",FALSE,1,NA,5,"Denominator cohort 1","0;150","Male",0,2020-09-01,2022-07-01,NA,NA,"PharMetrics Plus"
"9","1",5837441,5712124,10,"No observation time available after applying age and prior history criteria",0,0,1,"testneg_abdominal_pain",FALSE,"years",FALSE,1,NA,5,"Denominator cohort 1","0;150","Male",0,2020-09-01,2022-07-01,NA,NA,"PharMetrics Plus"
"10","1",5837441,5712124,11,"Starting analysis population",NA,NA,1,"testneg_abdominal_pain",FALSE,"years",FALSE,1,NA,5,"Denominator cohort 1","0;150","Male",0,2020-09-01,2022-07-01,NA,NA,"PharMetrics Plus"
"11","1",5837441,5712124,12,"Excluded due to prior event (do not pass outcome washout during study period)",0,0,1,"testneg_abdominal_pain",FALSE,"years",FALSE,1,NA,5,"Denominator cohort 1","0;150","Male",0,2020-09-01,2022-07-01,NA,NA,"PharMetrics Plus"
"12","1",5837441,5712124,14,"Not observed during the complete database interval",0,0,1,"testneg_abdominal_pain",FALSE,"years",FALSE,1,NA,5,"Denominator cohort 1","0;150","Male",0,2020-09-01,2022-07-01,NA,NA,"PharMetrics Plus"
"13","10",37145088,34808145,1,"Starting population",NA,NA,27,"testneg_any_lc",FALSE,"years",FALSE,1,NA,5,"Denominator cohort 1","0;150","Male",0,2020-09-01,2022-07-01,NA,NA,"PharMetrics Plus"
"14","10",37145088,34808145,2,"Missing year of birth",0,0,27,"testneg_any_lc",FALSE,"years",FALSE,1,NA,5,"Denominator cohort 1","0;150","Male",0,2020-09-01,2022-07-01,NA,NA,"PharMetrics Plus"
"15","10",37143653,34806847,3,"Missing sex",1435,1298,27,"testneg_any_lc",FALSE,"years",FALSE,1,NA,5,"Denominator cohort 1","0;150","Male",0,2020-09-01,2022-07-01,NA,NA,"PharMetrics Plus"
"16","10",37143653,34806847,4,"Cannot satisfy age criteria during the study period based on year of birth",0,0,27,"testneg_any_lc",FALSE,"years",FALSE,1,NA,5,"Denominator cohort 1","0;150","Male",0,2020-09-01,2022-07-01,NA,NA,"PharMetrics Plus"
"17","10",12017169,11755042,5,"No observation time available during study period",25126484,23051805,27,"testneg_any_lc",FALSE,"years",FALSE,1,NA,5,"Denominator cohort 1","0;150","Male",0,2020-09-01,2022-07-01,NA,NA,"PharMetrics Plus"
"18","10",12017169,11755042,6,"Doesn't satisfy age criteria during the study period",0,0,27,"testneg_any_lc",FALSE,"years",FALSE,1,NA,5,"Denominator cohort 1","0;150","Male",0,2020-09-01,2022-07-01,NA,NA,"PharMetrics Plus"
"19","10",12017169,11755042,7,"Prior history requirement not fulfilled during study period",0,0,27,"testneg_any_lc",FALSE,"years",FALSE,1,NA,5,"Denominator cohort 1","0;150","Male",0,2020-09-01,2022-07-01,NA,NA,"PharMetrics Plus"
"20","10",5837441,5712124,8,"Not Male",6179728,6042918,27,"testneg_any_lc",FALSE,"years",FALSE,1,NA,5,"Denominator cohort 1","0;150","Male",0,2020-09-01,2022-07-01,NA,NA,"PharMetrics Plus"
"21","10",5837441,5712124,10,"No observation time available after applying age and prior history criteria",0,0,27,"testneg_any_lc",FALSE,"years",FALSE,1,NA,5,"Denominator cohort 1","0;150","Male",0,2020-09-01,2022-07-01,NA,NA,"PharMetrics Plus"
"22","10",5837441,5712124,11,"Starting analysis population",NA,NA,27,"testneg_any_lc",FALSE,"years",FALSE,1,NA,5,"Denominator cohort 1","0;150","Male",0,2020-09-01,2022-07-01,NA,NA,"PharMetrics Plus"
"23","10",5837441,5712124,12,"Excluded due to prior event (do not pass outcome washout during study period)",0,0,27,"testneg_any_lc",FALSE,"years",FALSE,1,NA,5,"Denominator cohort 1","0;150","Male",0,2020-09-01,2022-07-01,NA,NA,"PharMetrics Plus"
"24","10",5837441,5712124,14,"Not observed during the complete database interval",0,0,27,"testneg_any_lc",FALSE,"years",FALSE,1,NA,5,"Denominator cohort 1","0;150","Male",0,2020-09-01,2022-07-01,NA,NA,"PharMetrics Plus"
"25","11",37145088,34808145,1,"Starting population",NA,NA,27,"testneg_any_lc",FALSE,"months",FALSE,1,NA,5,"Denominator cohort 1","0;150","Male",0,2020-09-01,2022-07-01,NA,NA,"PharMetrics Plus"
"26","11",37145088,34808145,2,"Missing year of birth",0,0,27,"testneg_any_lc",FALSE,"months",FALSE,1,NA,5,"Denominator cohort 1","0;150","Male",0,2020-09-01,2022-07-01,NA,NA,"PharMetrics Plus"
"27","11",37143653,34806847,3,"Missing sex",1435,1298,27,"testneg_any_lc",FALSE,"months",FALSE,1,NA,5,"Denominator cohort 1","0;150","Male",0,2020-09-01,2022-07-01,NA,NA,"PharMetrics Plus"
"28","11",37143653,34806847,4,"Cannot satisfy age criteria during the study period based on year of birth",0,0,27,"testneg_any_lc",FALSE,"months",FALSE,1,NA,5,"Denominator cohort 1","0;150","Male",0,2020-09-01,2022-07-01,NA,NA,"PharMetrics Plus"
"29","11",12017169,11755042,5,"No observation time available during study period",25126484,23051805,27,"testneg_any_lc",FALSE,"months",FALSE,1,NA,5,"Denominator cohort 1","0;150","Male",0,2020-09-01,2022-07-01,NA,NA,"PharMetrics Plus"
"30","11",12017169,11755042,6,"Doesn't satisfy age criteria during the study period",0,0,27,"testneg_any_lc",FALSE,"months",FALSE,1,NA,5,"Denominator cohort 1","0;150","Male",0,2020-09-01,2022-07-01,NA,NA,"PharMetrics Plus"
"31","11",12017169,11755042,7,"Prior history requirement not fulfilled during study period",0,0,27,"testneg_any_lc",FALSE,"months",FALSE,1,NA,5,"Denominator cohort 1","0;150","Male",0,2020-09-01,2022-07-01,NA,NA,"PharMetrics Plus"
"32","11",5837441,5712124,8,"Not Male",6179728,6042918,27,"testneg_any_lc",FALSE,"months",FALSE,1,NA,5,"Denominator cohort 1","0;150","Male",0,2020-09-01,2022-07-01,NA,NA,"PharMetrics Plus"
"33","11",5837441,5712124,10,"No observation time available after applying age and prior history criteria",0,0,27,"testneg_any_lc",FALSE,"months",FALSE,1,NA,5,"Denominator cohort 1","0;150","Male",0,2020-09-01,2022-07-01,NA,NA,"PharMetrics Plus"
"34","11",5837441,5712124,11,"Starting analysis population",NA,NA,27,"testneg_any_lc",FALSE,"months",FALSE,1,NA,5,"Denominator cohort 1","0;150","Male",0,2020-09-01,2022-07-01,NA,NA,"PharMetrics Plus"
"35","11",5837441,5712124,12,"Excluded due to prior event (do not pass outcome washout during study period)",0,0,27,"testneg_any_lc",FALSE,"months",FALSE,1,NA,5,"Denominator cohort 1","0;150","Male",0,2020-09-01,2022-07-01,NA,NA,"PharMetrics Plus"
"36","11",5837441,5712124,14,"Not observed during the complete database interval",0,0,27,"testneg_any_lc",FALSE,"months",FALSE,1,NA,5,"Denominator cohort 1","0;150","Male",0,2020-09-01,2022-07-01,NA,NA,"PharMetrics Plus"
"37","12",37145088,34808145,1,"Starting population",NA,NA,27,"testneg_any_lc",FALSE,"overall",FALSE,1,NA,5,"Denominator cohort 1","0;150","Male",0,2020-09-01,2022-07-01,NA,NA,"PharMetrics Plus"
"38","12",37145088,34808145,2,"Missing year of birth",0,0,27,"testneg_any_lc",FALSE,"overall",FALSE,1,NA,5,"Denominator cohort 1","0;150","Male",0,2020-09-01,2022-07-01,NA,NA,"PharMetrics Plus"
"39","12",37143653,34806847,3,"Missing sex",1435,1298,27,"testneg_any_lc",FALSE,"overall",FALSE,1,NA,5,"Denominator cohort 1","0;150","Male",0,2020-09-01,2022-07-01,NA,NA,"PharMetrics Plus"
"40","12",37143653,34806847,4,"Cannot satisfy age criteria during the study period based on year of birth",0,0,27,"testneg_any_lc",FALSE,"overall",FALSE,1,NA,5,"Denominator cohort 1","0;150","Male",0,2020-09-01,2022-07-01,NA,NA,"PharMetrics Plus"
"41","12",12017169,11755042,5,"No observation time available during study period",25126484,23051805,27,"testneg_any_lc",FALSE,"overall",FALSE,1,NA,5,"Denominator cohort 1","0;150","Male",0,2020-09-01,2022-07-01,NA,NA,"PharMetrics Plus"
"42","12",12017169,11755042,6,"Doesn't satisfy age criteria during the study period",0,0,27,"testneg_any_lc",FALSE,"overall",FALSE,1,NA,5,"Denominator cohort 1","0;150","Male",0,2020-09-01,2022-07-01,NA,NA,"PharMetrics Plus"
"43","12",12017169,11755042,7,"Prior history requirement not fulfilled during study period",0,0,27,"testneg_any_lc",FALSE,"overall",FALSE,1,NA,5,"Denominator cohort 1","0;150","Male",0,2020-09-01,2022-07-01,NA,NA,"PharMetrics Plus"
"44","12",5837441,5712124,8,"Not Male",6179728,6042918,27,"testneg_any_lc",FALSE,"overall",FALSE,1,NA,5,"Denominator cohort 1","0;150","Male",0,2020-09-01,2022-07-01,NA,NA,"PharMetrics Plus"
"45","12",5837441,5712124,10,"No observation time available after applying age and prior history criteria",0,0,27,"testneg_any_lc",FALSE,"overall",FALSE,1,NA,5,"Denominator cohort 1","0;150","Male",0,2020-09-01,2022-07-01,NA,NA,"PharMetrics Plus"
"46","12",5837441,5712124,11,"Starting analysis population",NA,NA,27,"testneg_any_lc",FALSE,"overall",FALSE,1,NA,5,"Denominator cohort 1","0;150","Male",0,2020-09-01,2022-07-01,NA,NA,"PharMetrics Plus"
"47","12",5837441,5712124,12,"Excluded due to prior event (do not pass outcome washout during study period)",0,0,27,"testneg_any_lc",FALSE,"overall",FALSE,1,NA,5,"Denominator cohort 1","0;150","Male",0,2020-09-01,2022-07-01,NA,NA,"PharMetrics Plus"
"48","12",5837441,5712124,14,"Not observed during the complete database interval",0,0,27,"testneg_any_lc",FALSE,"overall",FALSE,1,NA,5,"Denominator cohort 1","0;150","Male",0,2020-09-01,2022-07-01,NA,NA,"PharMetrics Plus"
"49","13",37145088,34808145,1,"Starting population",NA,NA,27,"testneg_any_lc",FALSE,"years",FALSE,2,NA,5,"Denominator cohort 2","0;150","Female",0,2020-09-01,2022-07-01,NA,NA,"PharMetrics Plus"
"50","13",37145088,34808145,2,"Missing year of birth",0,0,27,"testneg_any_lc",FALSE,"years",FALSE,2,NA,5,"Denominator cohort 2","0;150","Female",0,2020-09-01,2022-07-01,NA,NA,"PharMetrics Plus"
"51","13",37143653,34806847,3,"Missing sex",1435,1298,27,"testneg_any_lc",FALSE,"years",FALSE,2,NA,5,"Denominator cohort 2","0;150","Female",0,2020-09-01,2022-07-01,NA,NA,"PharMetrics Plus"
"52","13",37143653,34806847,4,"Cannot satisfy age criteria during the study period based on year of birth",0,0,27,"testneg_any_lc",FALSE,"years",FALSE,2,NA,5,"Denominator cohort 2","0;150","Female",0,2020-09-01,2022-07-01,NA,NA,"PharMetrics Plus"
"53","13",12017169,11755042,5,"No observation time available during study period",25126484,23051805,27,"testneg_any_lc",FALSE,"years",FALSE,2,NA,5,"Denominator cohort 2","0;150","Female",0,2020-09-01,2022-07-01,NA,NA,"PharMetrics Plus"
"54","13",12017169,11755042,6,"Doesn't satisfy age criteria during the study period",0,0,27,"testneg_any_lc",FALSE,"years",FALSE,2,NA,5,"Denominator cohort 2","0;150","Female",0,2020-09-01,2022-07-01,NA,NA,"PharMetrics Plus"
"55","13",12017169,11755042,7,"Prior history requirement not fulfilled during study period",0,0,27,"testneg_any_lc",FALSE,"years",FALSE,2,NA,5,"Denominator cohort 2","0;150","Female",0,2020-09-01,2022-07-01,NA,NA,"PharMetrics Plus"
"56","13",6179728,6042918,8,"Not Female",5837441,5712124,27,"testneg_any_lc",FALSE,"years",FALSE,2,NA,5,"Denominator cohort 2","0;150","Female",0,2020-09-01,2022-07-01,NA,NA,"PharMetrics Plus"
"57","13",6179728,6042918,10,"No observation time available after applying age and prior history criteria",0,0,27,"testneg_any_lc",FALSE,"years",FALSE,2,NA,5,"Denominator cohort 2","0;150","Female",0,2020-09-01,2022-07-01,NA,NA,"PharMetrics Plus"
"58","13",6179729,6042918,11,"Starting analysis population",NA,NA,27,"testneg_any_lc",FALSE,"years",FALSE,2,NA,5,"Denominator cohort 2","0;150","Female",0,2020-09-01,2022-07-01,NA,NA,"PharMetrics Plus"
"59","13",6179728,6042918,12,"Excluded due to prior event (do not pass outcome washout during study period)",1,0,27,"testneg_any_lc",FALSE,"years",FALSE,2,NA,5,"Denominator cohort 2","0;150","Female",0,2020-09-01,2022-07-01,NA,NA,"PharMetrics Plus"
"60","13",6179728,6042918,14,"Not observed during the complete database interval",0,0,27,"testneg_any_lc",FALSE,"years",FALSE,2,NA,5,"Denominator cohort 2","0;150","Female",0,2020-09-01,2022-07-01,NA,NA,"PharMetrics Plus"
"61","14",37145088,34808145,1,"Starting population",NA,NA,27,"testneg_any_lc",FALSE,"months",FALSE,2,NA,5,"Denominator cohort 2","0;150","Female",0,2020-09-01,2022-07-01,NA,NA,"PharMetrics Plus"
"62","14",37145088,34808145,2,"Missing year of birth",0,0,27,"testneg_any_lc",FALSE,"months",FALSE,2,NA,5,"Denominator cohort 2","0;150","Female",0,2020-09-01,2022-07-01,NA,NA,"PharMetrics Plus"
"63","14",37143653,34806847,3,"Missing sex",1435,1298,27,"testneg_any_lc",FALSE,"months",FALSE,2,NA,5,"Denominator cohort 2","0;150","Female",0,2020-09-01,2022-07-01,NA,NA,"PharMetrics Plus"
"64","14",37143653,34806847,4,"Cannot satisfy age criteria during the study period based on year of birth",0,0,27,"testneg_any_lc",FALSE,"months",FALSE,2,NA,5,"Denominator cohort 2","0;150","Female",0,2020-09-01,2022-07-01,NA,NA,"PharMetrics Plus"
"65","14",12017169,11755042,5,"No observation time available during study period",25126484,23051805,27,"testneg_any_lc",FALSE,"months",FALSE,2,NA,5,"Denominator cohort 2","0;150","Female",0,2020-09-01,2022-07-01,NA,NA,"PharMetrics Plus"
"66","14",12017169,11755042,6,"Doesn't satisfy age criteria during the study period",0,0,27,"testneg_any_lc",FALSE,"months",FALSE,2,NA,5,"Denominator cohort 2","0;150","Female",0,2020-09-01,2022-07-01,NA,NA,"PharMetrics Plus"
"67","14",12017169,11755042,7,"Prior history requirement not fulfilled during study period",0,0,27,"testneg_any_lc",FALSE,"months",FALSE,2,NA,5,"Denominator cohort 2","0;150","Female",0,2020-09-01,2022-07-01,NA,NA,"PharMetrics Plus"
"68","14",6179728,6042918,8,"Not Female",5837441,5712124,27,"testneg_any_lc",FALSE,"months",FALSE,2,NA,5,"Denominator cohort 2","0;150","Female",0,2020-09-01,2022-07-01,NA,NA,"PharMetrics Plus"
"69","14",6179728,6042918,10,"No observation time available after applying age and prior history criteria",0,0,27,"testneg_any_lc",FALSE,"months",FALSE,2,NA,5,"Denominator cohort 2","0;150","Female",0,2020-09-01,2022-07-01,NA,NA,"PharMetrics Plus"
"70","14",6179729,6042918,11,"Starting analysis population",NA,NA,27,"testneg_any_lc",FALSE,"months",FALSE,2,NA,5,"Denominator cohort 2","0;150","Female",0,2020-09-01,2022-07-01,NA,NA,"PharMetrics Plus"
"71","14",6179728,6042918,12,"Excluded due to prior event (do not pass outcome washout during study period)",1,0,27,"testneg_any_lc",FALSE,"months",FALSE,2,NA,5,"Denominator cohort 2","0;150","Female",0,2020-09-01,2022-07-01,NA,NA,"PharMetrics Plus"
"72","14",6179728,6042918,14,"Not observed during the complete database interval",0,0,27,"testneg_any_lc",FALSE,"months",FALSE,2,NA,5,"Denominator cohort 2","0;150","Female",0,2020-09-01,2022-07-01,NA,NA,"PharMetrics Plus"
"73","15",37145088,34808145,1,"Starting population",NA,NA,27,"testneg_any_lc",FALSE,"overall",FALSE,2,NA,5,"Denominator cohort 2","0;150","Female",0,2020-09-01,2022-07-01,NA,NA,"PharMetrics Plus"
"74","15",37145088,34808145,2,"Missing year of birth",0,0,27,"testneg_any_lc",FALSE,"overall",FALSE,2,NA,5,"Denominator cohort 2","0;150","Female",0,2020-09-01,2022-07-01,NA,NA,"PharMetrics Plus"
"75","15",37143653,34806847,3,"Missing sex",1435,1298,27,"testneg_any_lc",FALSE,"overall",FALSE,2,NA,5,"Denominator cohort 2","0;150","Female",0,2020-09-01,2022-07-01,NA,NA,"PharMetrics Plus"
"76","15",37143653,34806847,4,"Cannot satisfy age criteria during the study period based on year of birth",0,0,27,"testneg_any_lc",FALSE,"overall",FALSE,2,NA,5,"Denominator cohort 2","0;150","Female",0,2020-09-01,2022-07-01,NA,NA,"PharMetrics Plus"
"77","15",12017169,11755042,5,"No observation time available during study period",25126484,23051805,27,"testneg_any_lc",FALSE,"overall",FALSE,2,NA,5,"Denominator cohort 2","0;150","Female",0,2020-09-01,2022-07-01,NA,NA,"PharMetrics Plus"
"78","15",12017169,11755042,6,"Doesn't satisfy age criteria during the study period",0,0,27,"testneg_any_lc",FALSE,"overall",FALSE,2,NA,5,"Denominator cohort 2","0;150","Female",0,2020-09-01,2022-07-01,NA,NA,"PharMetrics Plus"
"79","15",12017169,11755042,7,"Prior history requirement not fulfilled during study period",0,0,27,"testneg_any_lc",FALSE,"overall",FALSE,2,NA,5,"Denominator cohort 2","0;150","Female",0,2020-09-01,2022-07-01,NA,NA,"PharMetrics Plus"
"80","15",6179728,6042918,8,"Not Female",5837441,5712124,27,"testneg_any_lc",FALSE,"overall",FALSE,2,NA,5,"Denominator cohort 2","0;150","Female",0,2020-09-01,2022-07-01,NA,NA,"PharMetrics Plus"
"81","15",6179728,6042918,10,"No observation time available after applying age and prior history criteria",0,0,27,"testneg_any_lc",FALSE,"overall",FALSE,2,NA,5,"Denominator cohort 2","0;150","Female",0,2020-09-01,2022-07-01,NA,NA,"PharMetrics Plus"
"82","15",6179729,6042918,11,"Starting analysis population",NA,NA,27,"testneg_any_lc",FALSE,"overall",FALSE,2,NA,5,"Denominator cohort 2","0;150","Female",0,2020-09-01,2022-07-01,NA,NA,"PharMetrics Plus"
"83","15",6179728,6042918,12,"Excluded due to prior event (do not pass outcome washout during study period)",1,0,27,"testneg_any_lc",FALSE,"overall",FALSE,2,NA,5,"Denominator cohort 2","0;150","Female",0,2020-09-01,2022-07-01,NA,NA,"PharMetrics Plus"
"84","15",6179728,6042918,14,"Not observed during the complete database interval",0,0,27,"testneg_any_lc",FALSE,"overall",FALSE,2,NA,5,"Denominator cohort 2","0;150","Female",0,2020-09-01,2022-07-01,NA,NA,"PharMetrics Plus"
"85","16",37145088,34808145,1,"Starting population",NA,NA,27,"testneg_any_lc",FALSE,"years",FALSE,3,NA,5,"Denominator cohort 3","0;150","Both",0,2020-09-01,2022-07-01,NA,NA,"PharMetrics Plus"
"86","16",37145088,34808145,2,"Missing year of birth",0,0,27,"testneg_any_lc",FALSE,"years",FALSE,3,NA,5,"Denominator cohort 3","0;150","Both",0,2020-09-01,2022-07-01,NA,NA,"PharMetrics Plus"
"87","16",37143653,34806847,3,"Missing sex",1435,1298,27,"testneg_any_lc",FALSE,"years",FALSE,3,NA,5,"Denominator cohort 3","0;150","Both",0,2020-09-01,2022-07-01,NA,NA,"PharMetrics Plus"
"88","16",37143653,34806847,4,"Cannot satisfy age criteria during the study period based on year of birth",0,0,27,"testneg_any_lc",FALSE,"years",FALSE,3,NA,5,"Denominator cohort 3","0;150","Both",0,2020-09-01,2022-07-01,NA,NA,"PharMetrics Plus"
"89","16",12017169,11755042,5,"No observation time available during study period",25126484,23051805,27,"testneg_any_lc",FALSE,"years",FALSE,3,NA,5,"Denominator cohort 3","0;150","Both",0,2020-09-01,2022-07-01,NA,NA,"PharMetrics Plus"
"90","16",12017169,11755042,6,"Doesn't satisfy age criteria during the study period",0,0,27,"testneg_any_lc",FALSE,"years",FALSE,3,NA,5,"Denominator cohort 3","0;150","Both",0,2020-09-01,2022-07-01,NA,NA,"PharMetrics Plus"
"91","16",12017169,11755042,7,"Prior history requirement not fulfilled during study period",0,0,27,"testneg_any_lc",FALSE,"years",FALSE,3,NA,5,"Denominator cohort 3","0;150","Both",0,2020-09-01,2022-07-01,NA,NA,"PharMetrics Plus"
"92","16",12017169,11755042,10,"No observation time available after applying age and prior history criteria",0,0,27,"testneg_any_lc",FALSE,"years",FALSE,3,NA,5,"Denominator cohort 3","0;150","Both",0,2020-09-01,2022-07-01,NA,NA,"PharMetrics Plus"
"93","16",12017170,11755042,11,"Starting analysis population",NA,NA,27,"testneg_any_lc",FALSE,"years",FALSE,3,NA,5,"Denominator cohort 3","0;150","Both",0,2020-09-01,2022-07-01,NA,NA,"PharMetrics Plus"
"94","16",12017169,11755042,12,"Excluded due to prior event (do not pass outcome washout during study period)",1,0,27,"testneg_any_lc",FALSE,"years",FALSE,3,NA,5,"Denominator cohort 3","0;150","Both",0,2020-09-01,2022-07-01,NA,NA,"PharMetrics Plus"
"95","16",12017169,11755042,14,"Not observed during the complete database interval",0,0,27,"testneg_any_lc",FALSE,"years",FALSE,3,NA,5,"Denominator cohort 3","0;150","Both",0,2020-09-01,2022-07-01,NA,NA,"PharMetrics Plus"
"96","17",37145088,34808145,1,"Starting population",NA,NA,27,"testneg_any_lc",FALSE,"months",FALSE,3,NA,5,"Denominator cohort 3","0;150","Both",0,2020-09-01,2022-07-01,NA,NA,"PharMetrics Plus"
"97","17",37145088,34808145,2,"Missing year of birth",0,0,27,"testneg_any_lc",FALSE,"months",FALSE,3,NA,5,"Denominator cohort 3","0;150","Both",0,2020-09-01,2022-07-01,NA,NA,"PharMetrics Plus"
"98","17",37143653,34806847,3,"Missing sex",1435,1298,27,"testneg_any_lc",FALSE,"months",FALSE,3,NA,5,"Denominator cohort 3","0;150","Both",0,2020-09-01,2022-07-01,NA,NA,"PharMetrics Plus"
"99","17",37143653,34806847,4,"Cannot satisfy age criteria during the study period based on year of birth",0,0,27,"testneg_any_lc",FALSE,"months",FALSE,3,NA,5,"Denominator cohort 3","0;150","Both",0,2020-09-01,2022-07-01,NA,NA,"PharMetrics Plus"
"100","17",12017169,11755042,5,"No observation time available during study period",25126484,23051805,27,"testneg_any_lc",FALSE,"months",FALSE,3,NA,5,"Denominator cohort 3","0;150","Both",0,2020-09-01,2022-07-01,NA,NA,"PharMetrics Plus"
"101","17",12017169,11755042,6,"Doesn't satisfy age criteria during the study period",0,0,27,"testneg_any_lc",FALSE,"months",FALSE,3,NA,5,"Denominator cohort 3","0;150","Both",0,2020-09-01,2022-07-01,NA,NA,"PharMetrics Plus"
"102","17",12017169,11755042,7,"Prior history requirement not fulfilled during study period",0,0,27,"testneg_any_lc",FALSE,"months",FALSE,3,NA,5,"Denominator cohort 3","0;150","Both",0,2020-09-01,2022-07-01,NA,NA,"PharMetrics Plus"
"103","17",12017169,11755042,10,"No observation time available after applying age and prior history criteria",0,0,27,"testneg_any_lc",FALSE,"months",FALSE,3,NA,5,"Denominator cohort 3","0;150","Both",0,2020-09-01,2022-07-01,NA,NA,"PharMetrics Plus"
"104","17",12017170,11755042,11,"Starting analysis population",NA,NA,27,"testneg_any_lc",FALSE,"months",FALSE,3,NA,5,"Denominator cohort 3","0;150","Both",0,2020-09-01,2022-07-01,NA,NA,"PharMetrics Plus"
"105","17",12017169,11755042,12,"Excluded due to prior event (do not pass outcome washout during study period)",1,0,27,"testneg_any_lc",FALSE,"months",FALSE,3,NA,5,"Denominator cohort 3","0;150","Both",0,2020-09-01,2022-07-01,NA,NA,"PharMetrics Plus"
"106","17",12017169,11755042,14,"Not observed during the complete database interval",0,0,27,"testneg_any_lc",FALSE,"months",FALSE,3,NA,5,"Denominator cohort 3","0;150","Both",0,2020-09-01,2022-07-01,NA,NA,"PharMetrics Plus"
"107","18",37145088,34808145,1,"Starting population",NA,NA,27,"testneg_any_lc",FALSE,"overall",FALSE,3,NA,5,"Denominator cohort 3","0;150","Both",0,2020-09-01,2022-07-01,NA,NA,"PharMetrics Plus"
"108","18",37145088,34808145,2,"Missing year of birth",0,0,27,"testneg_any_lc",FALSE,"overall",FALSE,3,NA,5,"Denominator cohort 3","0;150","Both",0,2020-09-01,2022-07-01,NA,NA,"PharMetrics Plus"
"109","18",37143653,34806847,3,"Missing sex",1435,1298,27,"testneg_any_lc",FALSE,"overall",FALSE,3,NA,5,"Denominator cohort 3","0;150","Both",0,2020-09-01,2022-07-01,NA,NA,"PharMetrics Plus"
"110","18",37143653,34806847,4,"Cannot satisfy age criteria during the study period based on year of birth",0,0,27,"testneg_any_lc",FALSE,"overall",FALSE,3,NA,5,"Denominator cohort 3","0;150","Both",0,2020-09-01,2022-07-01,NA,NA,"PharMetrics Plus"
"111","18",12017169,11755042,5,"No observation time available during study period",25126484,23051805,27,"testneg_any_lc",FALSE,"overall",FALSE,3,NA,5,"Denominator cohort 3","0;150","Both",0,2020-09-01,2022-07-01,NA,NA,"PharMetrics Plus"
"112","18",12017169,11755042,6,"Doesn't satisfy age criteria during the study period",0,0,27,"testneg_any_lc",FALSE,"overall",FALSE,3,NA,5,"Denominator cohort 3","0;150","Both",0,2020-09-01,2022-07-01,NA,NA,"PharMetrics Plus"
"113","18",12017169,11755042,7,"Prior history requirement not fulfilled during study period",0,0,27,"testneg_any_lc",FALSE,"overall",FALSE,3,NA,5,"Denominator cohort 3","0;150","Both",0,2020-09-01,2022-07-01,NA,NA,"PharMetrics Plus"
"114","18",12017169,11755042,10,"No observation time available after applying age and prior history criteria",0,0,27,"testneg_any_lc",FALSE,"overall",FALSE,3,NA,5,"Denominator cohort 3","0;150","Both",0,2020-09-01,2022-07-01,NA,NA,"PharMetrics Plus"
"115","18",12017170,11755042,11,"Starting analysis population",NA,NA,27,"testneg_any_lc",FALSE,"overall",FALSE,3,NA,5,"Denominator cohort 3","0;150","Both",0,2020-09-01,2022-07-01,NA,NA,"PharMetrics Plus"
"116","18",12017169,11755042,12,"Excluded due to prior event (do not pass outcome washout during study period)",1,0,27,"testneg_any_lc",FALSE,"overall",FALSE,3,NA,5,"Denominator cohort 3","0;150","Both",0,2020-09-01,2022-07-01,NA,NA,"PharMetrics Plus"
"117","18",12017169,11755042,14,"Not observed during the complete database interval",0,0,27,"testneg_any_lc",FALSE,"overall",FALSE,3,NA,5,"Denominator cohort 3","0;150","Both",0,2020-09-01,2022-07-01,NA,NA,"PharMetrics Plus"
"118","2",37145088,34808145,1,"Starting population",NA,NA,1,"testneg_abdominal_pain",FALSE,"months",FALSE,1,NA,5,"Denominator cohort 1","0;150","Male",0,2020-09-01,2022-07-01,NA,NA,"PharMetrics Plus"
"119","2",37145088,34808145,2,"Missing year of birth",0,0,1,"testneg_abdominal_pain",FALSE,"months",FALSE,1,NA,5,"Denominator cohort 1","0;150","Male",0,2020-09-01,2022-07-01,NA,NA,"PharMetrics Plus"
"120","2",37143653,34806847,3,"Missing sex",1435,1298,1,"testneg_abdominal_pain",FALSE,"months",FALSE,1,NA,5,"Denominator cohort 1","0;150","Male",0,2020-09-01,2022-07-01,NA,NA,"PharMetrics Plus"
"121","2",37143653,34806847,4,"Cannot satisfy age criteria during the study period based on year of birth",0,0,1,"testneg_abdominal_pain",FALSE,"months",FALSE,1,NA,5,"Denominator cohort 1","0;150","Male",0,2020-09-01,2022-07-01,NA,NA,"PharMetrics Plus"
"122","2",12017169,11755042,5,"No observation time available during study period",25126484,23051805,1,"testneg_abdominal_pain",FALSE,"months",FALSE,1,NA,5,"Denominator cohort 1","0;150","Male",0,2020-09-01,2022-07-01,NA,NA,"PharMetrics Plus"
"123","2",12017169,11755042,6,"Doesn't satisfy age criteria during the study period",0,0,1,"testneg_abdominal_pain",FALSE,"months",FALSE,1,NA,5,"Denominator cohort 1","0;150","Male",0,2020-09-01,2022-07-01,NA,NA,"PharMetrics Plus"
"124","2",12017169,11755042,7,"Prior history requirement not fulfilled during study period",0,0,1,"testneg_abdominal_pain",FALSE,"months",FALSE,1,NA,5,"Denominator cohort 1","0;150","Male",0,2020-09-01,2022-07-01,NA,NA,"PharMetrics Plus"
"125","2",5837441,5712124,8,"Not Male",6179728,6042918,1,"testneg_abdominal_pain",FALSE,"months",FALSE,1,NA,5,"Denominator cohort 1","0;150","Male",0,2020-09-01,2022-07-01,NA,NA,"PharMetrics Plus"
"126","2",5837441,5712124,10,"No observation time available after applying age and prior history criteria",0,0,1,"testneg_abdominal_pain",FALSE,"months",FALSE,1,NA,5,"Denominator cohort 1","0;150","Male",0,2020-09-01,2022-07-01,NA,NA,"PharMetrics Plus"
"127","2",5837441,5712124,11,"Starting analysis population",NA,NA,1,"testneg_abdominal_pain",FALSE,"months",FALSE,1,NA,5,"Denominator cohort 1","0;150","Male",0,2020-09-01,2022-07-01,NA,NA,"PharMetrics Plus"
"128","2",5837441,5712124,12,"Excluded due to prior event (do not pass outcome washout during study period)",0,0,1,"testneg_abdominal_pain",FALSE,"months",FALSE,1,NA,5,"Denominator cohort 1","0;150","Male",0,2020-09-01,2022-07-01,NA,NA,"PharMetrics Plus"
"129","2",5837441,5712124,14,"Not observed during the complete database interval",0,0,1,"testneg_abdominal_pain",FALSE,"months",FALSE,1,NA,5,"Denominator cohort 1","0;150","Male",0,2020-09-01,2022-07-01,NA,NA,"PharMetrics Plus"
"130","3",37145088,34808145,1,"Starting population",NA,NA,1,"testneg_abdominal_pain",FALSE,"overall",FALSE,1,NA,5,"Denominator cohort 1","0;150","Male",0,2020-09-01,2022-07-01,NA,NA,"PharMetrics Plus"
"131","3",37145088,34808145,2,"Missing year of birth",0,0,1,"testneg_abdominal_pain",FALSE,"overall",FALSE,1,NA,5,"Denominator cohort 1","0;150","Male",0,2020-09-01,2022-07-01,NA,NA,"PharMetrics Plus"
"132","3",37143653,34806847,3,"Missing sex",1435,1298,1,"testneg_abdominal_pain",FALSE,"overall",FALSE,1,NA,5,"Denominator cohort 1","0;150","Male",0,2020-09-01,2022-07-01,NA,NA,"PharMetrics Plus"
"133","3",37143653,34806847,4,"Cannot satisfy age criteria during the study period based on year of birth",0,0,1,"testneg_abdominal_pain",FALSE,"overall",FALSE,1,NA,5,"Denominator cohort 1","0;150","Male",0,2020-09-01,2022-07-01,NA,NA,"PharMetrics Plus"
"134","3",12017169,11755042,5,"No observation time available during study period",25126484,23051805,1,"testneg_abdominal_pain",FALSE,"overall",FALSE,1,NA,5,"Denominator cohort 1","0;150","Male",0,2020-09-01,2022-07-01,NA,NA,"PharMetrics Plus"
"135","3",12017169,11755042,6,"Doesn't satisfy age criteria during the study period",0,0,1,"testneg_abdominal_pain",FALSE,"overall",FALSE,1,NA,5,"Denominator cohort 1","0;150","Male",0,2020-09-01,2022-07-01,NA,NA,"PharMetrics Plus"
"136","3",12017169,11755042,7,"Prior history requirement not fulfilled during study period",0,0,1,"testneg_abdominal_pain",FALSE,"overall",FALSE,1,NA,5,"Denominator cohort 1","0;150","Male",0,2020-09-01,2022-07-01,NA,NA,"PharMetrics Plus"
"137","3",5837441,5712124,8,"Not Male",6179728,6042918,1,"testneg_abdominal_pain",FALSE,"overall",FALSE,1,NA,5,"Denominator cohort 1","0;150","Male",0,2020-09-01,2022-07-01,NA,NA,"PharMetrics Plus"
"138","3",5837441,5712124,10,"No observation time available after applying age and prior history criteria",0,0,1,"testneg_abdominal_pain",FALSE,"overall",FALSE,1,NA,5,"Denominator cohort 1","0;150","Male",0,2020-09-01,2022-07-01,NA,NA,"PharMetrics Plus"
"139","3",5837441,5712124,11,"Starting analysis population",NA,NA,1,"testneg_abdominal_pain",FALSE,"overall",FALSE,1,NA,5,"Denominator cohort 1","0;150","Male",0,2020-09-01,2022-07-01,NA,NA,"PharMetrics Plus"
"140","3",5837441,5712124,12,"Excluded due to prior event (do not pass outcome washout during study period)",0,0,1,"testneg_abdominal_pain",FALSE,"overall",FALSE,1,NA,5,"Denominator cohort 1","0;150","Male",0,2020-09-01,2022-07-01,NA,NA,"PharMetrics Plus"
"141","3",5837441,5712124,14,"Not observed during the complete database interval",0,0,1,"testneg_abdominal_pain",FALSE,"overall",FALSE,1,NA,5,"Denominator cohort 1","0;150","Male",0,2020-09-01,2022-07-01,NA,NA,"PharMetrics Plus"
"142","4",37145088,34808145,1,"Starting population",NA,NA,1,"testneg_abdominal_pain",FALSE,"years",FALSE,2,NA,5,"Denominator cohort 2","0;150","Female",0,2020-09-01,2022-07-01,NA,NA,"PharMetrics Plus"
"143","4",37145088,34808145,2,"Missing year of birth",0,0,1,"testneg_abdominal_pain",FALSE,"years",FALSE,2,NA,5,"Denominator cohort 2","0;150","Female",0,2020-09-01,2022-07-01,NA,NA,"PharMetrics Plus"
"144","4",37143653,34806847,3,"Missing sex",1435,1298,1,"testneg_abdominal_pain",FALSE,"years",FALSE,2,NA,5,"Denominator cohort 2","0;150","Female",0,2020-09-01,2022-07-01,NA,NA,"PharMetrics Plus"
"145","4",37143653,34806847,4,"Cannot satisfy age criteria during the study period based on year of birth",0,0,1,"testneg_abdominal_pain",FALSE,"years",FALSE,2,NA,5,"Denominator cohort 2","0;150","Female",0,2020-09-01,2022-07-01,NA,NA,"PharMetrics Plus"
"146","4",12017169,11755042,5,"No observation time available during study period",25126484,23051805,1,"testneg_abdominal_pain",FALSE,"years",FALSE,2,NA,5,"Denominator cohort 2","0;150","Female",0,2020-09-01,2022-07-01,NA,NA,"PharMetrics Plus"
"147","4",12017169,11755042,6,"Doesn't satisfy age criteria during the study period",0,0,1,"testneg_abdominal_pain",FALSE,"years",FALSE,2,NA,5,"Denominator cohort 2","0;150","Female",0,2020-09-01,2022-07-01,NA,NA,"PharMetrics Plus"
"148","4",12017169,11755042,7,"Prior history requirement not fulfilled during study period",0,0,1,"testneg_abdominal_pain",FALSE,"years",FALSE,2,NA,5,"Denominator cohort 2","0;150","Female",0,2020-09-01,2022-07-01,NA,NA,"PharMetrics Plus"
"149","4",6179728,6042918,8,"Not Female",5837441,5712124,1,"testneg_abdominal_pain",FALSE,"years",FALSE,2,NA,5,"Denominator cohort 2","0;150","Female",0,2020-09-01,2022-07-01,NA,NA,"PharMetrics Plus"
"150","4",6179728,6042918,10,"No observation time available after applying age and prior history criteria",0,0,1,"testneg_abdominal_pain",FALSE,"years",FALSE,2,NA,5,"Denominator cohort 2","0;150","Female",0,2020-09-01,2022-07-01,NA,NA,"PharMetrics Plus"
"151","4",6179729,6042918,11,"Starting analysis population",NA,NA,1,"testneg_abdominal_pain",FALSE,"years",FALSE,2,NA,5,"Denominator cohort 2","0;150","Female",0,2020-09-01,2022-07-01,NA,NA,"PharMetrics Plus"
"152","4",6179728,6042918,12,"Excluded due to prior event (do not pass outcome washout during study period)",1,0,1,"testneg_abdominal_pain",FALSE,"years",FALSE,2,NA,5,"Denominator cohort 2","0;150","Female",0,2020-09-01,2022-07-01,NA,NA,"PharMetrics Plus"
"153","4",6179728,6042918,14,"Not observed during the complete database interval",0,0,1,"testneg_abdominal_pain",FALSE,"years",FALSE,2,NA,5,"Denominator cohort 2","0;150","Female",0,2020-09-01,2022-07-01,NA,NA,"PharMetrics Plus"
"154","5",37145088,34808145,1,"Starting population",NA,NA,1,"testneg_abdominal_pain",FALSE,"months",FALSE,2,NA,5,"Denominator cohort 2","0;150","Female",0,2020-09-01,2022-07-01,NA,NA,"PharMetrics Plus"
"155","5",37145088,34808145,2,"Missing year of birth",0,0,1,"testneg_abdominal_pain",FALSE,"months",FALSE,2,NA,5,"Denominator cohort 2","0;150","Female",0,2020-09-01,2022-07-01,NA,NA,"PharMetrics Plus"
"156","5",37143653,34806847,3,"Missing sex",1435,1298,1,"testneg_abdominal_pain",FALSE,"months",FALSE,2,NA,5,"Denominator cohort 2","0;150","Female",0,2020-09-01,2022-07-01,NA,NA,"PharMetrics Plus"
"157","5",37143653,34806847,4,"Cannot satisfy age criteria during the study period based on year of birth",0,0,1,"testneg_abdominal_pain",FALSE,"months",FALSE,2,NA,5,"Denominator cohort 2","0;150","Female",0,2020-09-01,2022-07-01,NA,NA,"PharMetrics Plus"
"158","5",12017169,11755042,5,"No observation time available during study period",25126484,23051805,1,"testneg_abdominal_pain",FALSE,"months",FALSE,2,NA,5,"Denominator cohort 2","0;150","Female",0,2020-09-01,2022-07-01,NA,NA,"PharMetrics Plus"
"159","5",12017169,11755042,6,"Doesn't satisfy age criteria during the study period",0,0,1,"testneg_abdominal_pain",FALSE,"months",FALSE,2,NA,5,"Denominator cohort 2","0;150","Female",0,2020-09-01,2022-07-01,NA,NA,"PharMetrics Plus"
"160","5",12017169,11755042,7,"Prior history requirement not fulfilled during study period",0,0,1,"testneg_abdominal_pain",FALSE,"months",FALSE,2,NA,5,"Denominator cohort 2","0;150","Female",0,2020-09-01,2022-07-01,NA,NA,"PharMetrics Plus"
"161","5",6179728,6042918,8,"Not Female",5837441,5712124,1,"testneg_abdominal_pain",FALSE,"months",FALSE,2,NA,5,"Denominator cohort 2","0;150","Female",0,2020-09-01,2022-07-01,NA,NA,"PharMetrics Plus"
"162","5",6179728,6042918,10,"No observation time available after applying age and prior history criteria",0,0,1,"testneg_abdominal_pain",FALSE,"months",FALSE,2,NA,5,"Denominator cohort 2","0;150","Female",0,2020-09-01,2022-07-01,NA,NA,"PharMetrics Plus"
"163","5",6179729,6042918,11,"Starting analysis population",NA,NA,1,"testneg_abdominal_pain",FALSE,"months",FALSE,2,NA,5,"Denominator cohort 2","0;150","Female",0,2020-09-01,2022-07-01,NA,NA,"PharMetrics Plus"
"164","5",6179728,6042918,12,"Excluded due to prior event (do not pass outcome washout during study period)",1,0,1,"testneg_abdominal_pain",FALSE,"months",FALSE,2,NA,5,"Denominator cohort 2","0;150","Female",0,2020-09-01,2022-07-01,NA,NA,"PharMetrics Plus"
"165","5",6179728,6042918,14,"Not observed during the complete database interval",0,0,1,"testneg_abdominal_pain",FALSE,"months",FALSE,2,NA,5,"Denominator cohort 2","0;150","Female",0,2020-09-01,2022-07-01,NA,NA,"PharMetrics Plus"
"166","6",37145088,34808145,1,"Starting population",NA,NA,1,"testneg_abdominal_pain",FALSE,"overall",FALSE,2,NA,5,"Denominator cohort 2","0;150","Female",0,2020-09-01,2022-07-01,NA,NA,"PharMetrics Plus"
"167","6",37145088,34808145,2,"Missing year of birth",0,0,1,"testneg_abdominal_pain",FALSE,"overall",FALSE,2,NA,5,"Denominator cohort 2","0;150","Female",0,2020-09-01,2022-07-01,NA,NA,"PharMetrics Plus"
"168","6",37143653,34806847,3,"Missing sex",1435,1298,1,"testneg_abdominal_pain",FALSE,"overall",FALSE,2,NA,5,"Denominator cohort 2","0;150","Female",0,2020-09-01,2022-07-01,NA,NA,"PharMetrics Plus"
"169","6",37143653,34806847,4,"Cannot satisfy age criteria during the study period based on year of birth",0,0,1,"testneg_abdominal_pain",FALSE,"overall",FALSE,2,NA,5,"Denominator cohort 2","0;150","Female",0,2020-09-01,2022-07-01,NA,NA,"PharMetrics Plus"
"170","6",12017169,11755042,5,"No observation time available during study period",25126484,23051805,1,"testneg_abdominal_pain",FALSE,"overall",FALSE,2,NA,5,"Denominator cohort 2","0;150","Female",0,2020-09-01,2022-07-01,NA,NA,"PharMetrics Plus"
"171","6",12017169,11755042,6,"Doesn't satisfy age criteria during the study period",0,0,1,"testneg_abdominal_pain",FALSE,"overall",FALSE,2,NA,5,"Denominator cohort 2","0;150","Female",0,2020-09-01,2022-07-01,NA,NA,"PharMetrics Plus"
"172","6",12017169,11755042,7,"Prior history requirement not fulfilled during study period",0,0,1,"testneg_abdominal_pain",FALSE,"overall",FALSE,2,NA,5,"Denominator cohort 2","0;150","Female",0,2020-09-01,2022-07-01,NA,NA,"PharMetrics Plus"
"173","6",6179728,6042918,8,"Not Female",5837441,5712124,1,"testneg_abdominal_pain",FALSE,"overall",FALSE,2,NA,5,"Denominator cohort 2","0;150","Female",0,2020-09-01,2022-07-01,NA,NA,"PharMetrics Plus"
"174","6",6179728,6042918,10,"No observation time available after applying age and prior history criteria",0,0,1,"testneg_abdominal_pain",FALSE,"overall",FALSE,2,NA,5,"Denominator cohort 2","0;150","Female",0,2020-09-01,2022-07-01,NA,NA,"PharMetrics Plus"
"175","6",6179729,6042918,11,"Starting analysis population",NA,NA,1,"testneg_abdominal_pain",FALSE,"overall",FALSE,2,NA,5,"Denominator cohort 2","0;150","Female",0,2020-09-01,2022-07-01,NA,NA,"PharMetrics Plus"
"176","6",6179728,6042918,12,"Excluded due to prior event (do not pass outcome washout during study period)",1,0,1,"testneg_abdominal_pain",FALSE,"overall",FALSE,2,NA,5,"Denominator cohort 2","0;150","Female",0,2020-09-01,2022-07-01,NA,NA,"PharMetrics Plus"
"177","6",6179728,6042918,14,"Not observed during the complete database interval",0,0,1,"testneg_abdominal_pain",FALSE,"overall",FALSE,2,NA,5,"Denominator cohort 2","0;150","Female",0,2020-09-01,2022-07-01,NA,NA,"PharMetrics Plus"
"178","7",37145088,34808145,1,"Starting population",NA,NA,1,"testneg_abdominal_pain",FALSE,"years",FALSE,3,NA,5,"Denominator cohort 3","0;150","Both",0,2020-09-01,2022-07-01,NA,NA,"PharMetrics Plus"
"179","7",37145088,34808145,2,"Missing year of birth",0,0,1,"testneg_abdominal_pain",FALSE,"years",FALSE,3,NA,5,"Denominator cohort 3","0;150","Both",0,2020-09-01,2022-07-01,NA,NA,"PharMetrics Plus"
"180","7",37143653,34806847,3,"Missing sex",1435,1298,1,"testneg_abdominal_pain",FALSE,"years",FALSE,3,NA,5,"Denominator cohort 3","0;150","Both",0,2020-09-01,2022-07-01,NA,NA,"PharMetrics Plus"
"181","7",37143653,34806847,4,"Cannot satisfy age criteria during the study period based on year of birth",0,0,1,"testneg_abdominal_pain",FALSE,"years",FALSE,3,NA,5,"Denominator cohort 3","0;150","Both",0,2020-09-01,2022-07-01,NA,NA,"PharMetrics Plus"
"182","7",12017169,11755042,5,"No observation time available during study period",25126484,23051805,1,"testneg_abdominal_pain",FALSE,"years",FALSE,3,NA,5,"Denominator cohort 3","0;150","Both",0,2020-09-01,2022-07-01,NA,NA,"PharMetrics Plus"
"183","7",12017169,11755042,6,"Doesn't satisfy age criteria during the study period",0,0,1,"testneg_abdominal_pain",FALSE,"years",FALSE,3,NA,5,"Denominator cohort 3","0;150","Both",0,2020-09-01,2022-07-01,NA,NA,"PharMetrics Plus"
"184","7",12017169,11755042,7,"Prior history requirement not fulfilled during study period",0,0,1,"testneg_abdominal_pain",FALSE,"years",FALSE,3,NA,5,"Denominator cohort 3","0;150","Both",0,2020-09-01,2022-07-01,NA,NA,"PharMetrics Plus"
"185","7",12017169,11755042,10,"No observation time available after applying age and prior history criteria",0,0,1,"testneg_abdominal_pain",FALSE,"years",FALSE,3,NA,5,"Denominator cohort 3","0;150","Both",0,2020-09-01,2022-07-01,NA,NA,"PharMetrics Plus"
"186","7",12017170,11755042,11,"Starting analysis population",NA,NA,1,"testneg_abdominal_pain",FALSE,"years",FALSE,3,NA,5,"Denominator cohort 3","0;150","Both",0,2020-09-01,2022-07-01,NA,NA,"PharMetrics Plus"
"187","7",12017169,11755042,12,"Excluded due to prior event (do not pass outcome washout during study period)",1,0,1,"testneg_abdominal_pain",FALSE,"years",FALSE,3,NA,5,"Denominator cohort 3","0;150","Both",0,2020-09-01,2022-07-01,NA,NA,"PharMetrics Plus"
"188","7",12017169,11755042,14,"Not observed during the complete database interval",0,0,1,"testneg_abdominal_pain",FALSE,"years",FALSE,3,NA,5,"Denominator cohort 3","0;150","Both",0,2020-09-01,2022-07-01,NA,NA,"PharMetrics Plus"
"189","8",37145088,34808145,1,"Starting population",NA,NA,1,"testneg_abdominal_pain",FALSE,"months",FALSE,3,NA,5,"Denominator cohort 3","0;150","Both",0,2020-09-01,2022-07-01,NA,NA,"PharMetrics Plus"
"190","8",37145088,34808145,2,"Missing year of birth",0,0,1,"testneg_abdominal_pain",FALSE,"months",FALSE,3,NA,5,"Denominator cohort 3","0;150","Both",0,2020-09-01,2022-07-01,NA,NA,"PharMetrics Plus"
"191","8",37143653,34806847,3,"Missing sex",1435,1298,1,"testneg_abdominal_pain",FALSE,"months",FALSE,3,NA,5,"Denominator cohort 3","0;150","Both",0,2020-09-01,2022-07-01,NA,NA,"PharMetrics Plus"
"192","8",37143653,34806847,4,"Cannot satisfy age criteria during the study period based on year of birth",0,0,1,"testneg_abdominal_pain",FALSE,"months",FALSE,3,NA,5,"Denominator cohort 3","0;150","Both",0,2020-09-01,2022-07-01,NA,NA,"PharMetrics Plus"
"193","8",12017169,11755042,5,"No observation time available during study period",25126484,23051805,1,"testneg_abdominal_pain",FALSE,"months",FALSE,3,NA,5,"Denominator cohort 3","0;150","Both",0,2020-09-01,2022-07-01,NA,NA,"PharMetrics Plus"
"194","8",12017169,11755042,6,"Doesn't satisfy age criteria during the study period",0,0,1,"testneg_abdominal_pain",FALSE,"months",FALSE,3,NA,5,"Denominator cohort 3","0;150","Both",0,2020-09-01,2022-07-01,NA,NA,"PharMetrics Plus"
"195","8",12017169,11755042,7,"Prior history requirement not fulfilled during study period",0,0,1,"testneg_abdominal_pain",FALSE,"months",FALSE,3,NA,5,"Denominator cohort 3","0;150","Both",0,2020-09-01,2022-07-01,NA,NA,"PharMetrics Plus"
"196","8",12017169,11755042,10,"No observation time available after applying age and prior history criteria",0,0,1,"testneg_abdominal_pain",FALSE,"months",FALSE,3,NA,5,"Denominator cohort 3","0;150","Both",0,2020-09-01,2022-07-01,NA,NA,"PharMetrics Plus"
"197","8",12017170,11755042,11,"Starting analysis population",NA,NA,1,"testneg_abdominal_pain",FALSE,"months",FALSE,3,NA,5,"Denominator cohort 3","0;150","Both",0,2020-09-01,2022-07-01,NA,NA,"PharMetrics Plus"
"198","8",12017169,11755042,12,"Excluded due to prior event (do not pass outcome washout during study period)",1,0,1,"testneg_abdominal_pain",FALSE,"months",FALSE,3,NA,5,"Denominator cohort 3","0;150","Both",0,2020-09-01,2022-07-01,NA,NA,"PharMetrics Plus"
"199","8",12017169,11755042,14,"Not observed during the complete database interval",0,0,1,"testneg_abdominal_pain",FALSE,"months",FALSE,3,NA,5,"Denominator cohort 3","0;150","Both",0,2020-09-01,2022-07-01,NA,NA,"PharMetrics Plus"
"200","9",37145088,34808145,1,"Starting population",NA,NA,1,"testneg_abdominal_pain",FALSE,"overall",FALSE,3,NA,5,"Denominator cohort 3","0;150","Both",0,2020-09-01,2022-07-01,NA,NA,"PharMetrics Plus"
"201","9",37145088,34808145,2,"Missing year of birth",0,0,1,"testneg_abdominal_pain",FALSE,"overall",FALSE,3,NA,5,"Denominator cohort 3","0;150","Both",0,2020-09-01,2022-07-01,NA,NA,"PharMetrics Plus"
"202","9",37143653,34806847,3,"Missing sex",1435,1298,1,"testneg_abdominal_pain",FALSE,"overall",FALSE,3,NA,5,"Denominator cohort 3","0;150","Both",0,2020-09-01,2022-07-01,NA,NA,"PharMetrics Plus"
"203","9",37143653,34806847,4,"Cannot satisfy age criteria during the study period based on year of birth",0,0,1,"testneg_abdominal_pain",FALSE,"overall",FALSE,3,NA,5,"Denominator cohort 3","0;150","Both",0,2020-09-01,2022-07-01,NA,NA,"PharMetrics Plus"
"204","9",12017169,11755042,5,"No observation time available during study period",25126484,23051805,1,"testneg_abdominal_pain",FALSE,"overall",FALSE,3,NA,5,"Denominator cohort 3","0;150","Both",0,2020-09-01,2022-07-01,NA,NA,"PharMetrics Plus"
"205","9",12017169,11755042,6,"Doesn't satisfy age criteria during the study period",0,0,1,"testneg_abdominal_pain",FALSE,"overall",FALSE,3,NA,5,"Denominator cohort 3","0;150","Both",0,2020-09-01,2022-07-01,NA,NA,"PharMetrics Plus"
"206","9",12017169,11755042,7,"Prior history requirement not fulfilled during study period",0,0,1,"testneg_abdominal_pain",FALSE,"overall",FALSE,3,NA,5,"Denominator cohort 3","0;150","Both",0,2020-09-01,2022-07-01,NA,NA,"PharMetrics Plus"
"207","9",12017169,11755042,10,"No observation time available after applying age and prior history criteria",0,0,1,"testneg_abdominal_pain",FALSE,"overall",FALSE,3,NA,5,"Denominator cohort 3","0;150","Both",0,2020-09-01,2022-07-01,NA,NA,"PharMetrics Plus"
"208","9",12017170,11755042,11,"Starting analysis population",NA,NA,1,"testneg_abdominal_pain",FALSE,"overall",FALSE,3,NA,5,"Denominator cohort 3","0;150","Both",0,2020-09-01,2022-07-01,NA,NA,"PharMetrics Plus"
"209","9",12017169,11755042,12,"Excluded due to prior event (do not pass outcome washout during study period)",1,0,1,"testneg_abdominal_pain",FALSE,"overall",FALSE,3,NA,5,"Denominator cohort 3","0;150","Both",0,2020-09-01,2022-07-01,NA,NA,"PharMetrics Plus"
"210","9",12017169,11755042,14,"Not observed during the complete database interval",0,0,1,"testneg_abdominal_pain",FALSE,"overall",FALSE,3,NA,5,"Denominator cohort 3","0;150","Both",0,2020-09-01,2022-07-01,NA,NA,"PharMetrics Plus"
