"","analysis_id","n_persons","person_days","n_events","incidence_start_date","incidence_end_date","person_years","incidence_100000_pys","incidence_100000_pys_95CI_lower","incidence_100000_pys_95CI_upper","cohort_obscured","result_obscured","outcome_cohort_id","outcome_cohort_name","analysis_repeated_events","analysis_interval","analysis_complete_database_intervals","denominator_cohort_id","analysis_outcome_washout","analysis_min_cell_count","denominator_cohort_name","denominator_age_group","denominator_sex","denominator_days_prior_history","denominator_start_date","denominator_end_date","denominator_strata_cohort_definition_id","denominator_strata_cohort_name","cdm_name"
"1","1",432256,49256416,NA,2020-09-01,2020-12-31,134856.717316906,NA,NA,NA,"FALSE","TRUE",1,"testneg_abdominal_pain",FALSE,"years",FALSE,1,NA,5,"Denominator cohort 1","0;6","Both",0,2020-09-01,2022-07-01,NA,NA,"PharMetrics Plus"
"2","1",510606,141809816,NA,2021-01-01,2021-12-31,388254.116358658,NA,NA,NA,"FALSE","TRUE",1,"testneg_abdominal_pain",FALSE,"years",FALSE,1,NA,5,"Denominator cohort 1","0;6","Both",0,2020-09-01,2022-07-01,NA,NA,"PharMetrics Plus"
"3","1",390374,42316257,NA,2022-01-01,2022-06-30,115855.597535934,NA,NA,NA,"FALSE","TRUE",1,"testneg_abdominal_pain",FALSE,"years",FALSE,1,NA,5,"Denominator cohort 1","0;6","Both",0,2020-09-01,2022-07-01,NA,NA,"PharMetrics Plus"
"4","10",2196262,248911089,NA,2020-09-01,2020-12-31,681481.420944559,NA,NA,NA,"FALSE","TRUE",1,"testneg_abdominal_pain",FALSE,"years",FALSE,4,NA,5,"Denominator cohort 4","19;40","Both",0,2020-09-01,2022-07-01,NA,NA,"PharMetrics Plus"
"5","10",2811969,766017504,NA,2021-01-01,2021-12-31,2097241.62628337,NA,NA,NA,"FALSE","TRUE",1,"testneg_abdominal_pain",FALSE,"years",FALSE,4,NA,5,"Denominator cohort 4","19;40","Both",0,2020-09-01,2022-07-01,NA,NA,"PharMetrics Plus"
"6","10",2283345,233221161,NA,2022-01-01,2022-06-30,638524.739219713,NA,NA,NA,"FALSE","TRUE",1,"testneg_abdominal_pain",FALSE,"years",FALSE,4,NA,5,"Denominator cohort 4","19;40","Both",0,2020-09-01,2022-07-01,NA,NA,"PharMetrics Plus"
"7","11",2038873,61166190,NA,2020-09-01,2020-09-30,167463.901437372,NA,NA,NA,"FALSE","TRUE",1,"testneg_abdominal_pain",FALSE,"months",FALSE,4,NA,5,"Denominator cohort 4","19;40","Both",0,2020-09-01,2022-07-01,NA,NA,"PharMetrics Plus"
"8","11",2040216,63246696,NA,2020-10-01,2020-10-31,173160.016427105,NA,NA,NA,"FALSE","TRUE",1,"testneg_abdominal_pain",FALSE,"months",FALSE,4,NA,5,"Denominator cohort 4","19;40","Both",0,2020-09-01,2022-07-01,NA,NA,"PharMetrics Plus"
"9","11",2040015,61200450,NA,2020-11-01,2020-11-30,167557.700205339,NA,NA,NA,"FALSE","TRUE",1,"testneg_abdominal_pain",FALSE,"months",FALSE,4,NA,5,"Denominator cohort 4","19;40","Both",0,2020-09-01,2022-07-01,NA,NA,"PharMetrics Plus"
"10","11",2041863,63297753,NA,2020-12-01,2020-12-31,173299.802874743,NA,NA,NA,"FALSE","TRUE",1,"testneg_abdominal_pain",FALSE,"months",FALSE,4,NA,5,"Denominator cohort 4","19;40","Both",0,2020-09-01,2022-07-01,NA,NA,"PharMetrics Plus"
"11","11",2051643,63600933,NA,2021-01-01,2021-01-31,174129.864476386,NA,NA,NA,"FALSE","TRUE",1,"testneg_abdominal_pain",FALSE,"months",FALSE,4,NA,5,"Denominator cohort 4","19;40","Both",0,2020-09-01,2022-07-01,NA,NA,"PharMetrics Plus"
"12","11",2053341,57493548,NA,2021-02-01,2021-02-28,157408.755646817,NA,NA,NA,"FALSE","TRUE",1,"testneg_abdominal_pain",FALSE,"months",FALSE,4,NA,5,"Denominator cohort 4","19;40","Both",0,2020-09-01,2022-07-01,NA,NA,"PharMetrics Plus"
"13","11",2060082,63862542,NA,2021-03-01,2021-03-31,174846.110882957,NA,NA,NA,"FALSE","TRUE",1,"testneg_abdominal_pain",FALSE,"months",FALSE,4,NA,5,"Denominator cohort 4","19;40","Both",0,2020-09-01,2022-07-01,NA,NA,"PharMetrics Plus"
"14","11",2062488,61874640,NA,2021-04-01,2021-04-30,169403.531827515,NA,NA,NA,"FALSE","TRUE",1,"testneg_abdominal_pain",FALSE,"months",FALSE,4,NA,5,"Denominator cohort 4","19;40","Both",0,2020-09-01,2022-07-01,NA,NA,"PharMetrics Plus"
"15","11",2066754,64069374,NA,2021-05-01,2021-05-31,175412.386036961,NA,NA,NA,"FALSE","TRUE",1,"testneg_abdominal_pain",FALSE,"months",FALSE,4,NA,5,"Denominator cohort 4","19;40","Both",0,2020-09-01,2022-07-01,NA,NA,"PharMetrics Plus"
"16","11",2076141,62284230,NA,2021-06-01,2021-06-30,170524.928131417,NA,NA,NA,"FALSE","TRUE",1,"testneg_abdominal_pain",FALSE,"months",FALSE,4,NA,5,"Denominator cohort 4","19;40","Both",0,2020-09-01,2022-07-01,NA,NA,"PharMetrics Plus"
"17","11",2091237,64828347,NA,2021-07-01,2021-07-31,177490.340862423,NA,NA,NA,"FALSE","TRUE",1,"testneg_abdominal_pain",FALSE,"months",FALSE,4,NA,5,"Denominator cohort 4","19;40","Both",0,2020-09-01,2022-07-01,NA,NA,"PharMetrics Plus"
"18","11",2125667,65895677,NA,2021-08-01,2021-08-31,180412.531143053,NA,NA,NA,"FALSE","TRUE",1,"testneg_abdominal_pain",FALSE,"months",FALSE,4,NA,5,"Denominator cohort 4","19;40","Both",0,2020-09-01,2022-07-01,NA,NA,"PharMetrics Plus"
"19","11",2139962,64198860,NA,2021-09-01,2021-09-30,175766.899383984,NA,NA,NA,"FALSE","TRUE",1,"testneg_abdominal_pain",FALSE,"months",FALSE,4,NA,5,"Denominator cohort 4","19;40","Both",0,2020-09-01,2022-07-01,NA,NA,"PharMetrics Plus"
"20","11",2145509,66510779,NA,2021-10-01,2021-10-31,182096.588637919,NA,NA,NA,"FALSE","TRUE",1,"testneg_abdominal_pain",FALSE,"months",FALSE,4,NA,5,"Denominator cohort 4","19;40","Both",0,2020-09-01,2022-07-01,NA,NA,"PharMetrics Plus"
"21","11",2150573,64517190,NA,2021-11-01,2021-11-30,176638.439425051,NA,NA,NA,"FALSE","TRUE",1,"testneg_abdominal_pain",FALSE,"months",FALSE,4,NA,5,"Denominator cohort 4","19;40","Both",0,2020-09-01,2022-07-01,NA,NA,"PharMetrics Plus"
"22","11",2157464,66881384,NA,2021-12-01,2021-12-31,183111.249828884,NA,NA,NA,"FALSE","TRUE",1,"testneg_abdominal_pain",FALSE,"months",FALSE,4,NA,5,"Denominator cohort 4","19;40","Both",0,2020-09-01,2022-07-01,NA,NA,"PharMetrics Plus"
"23","11",2132226,66099006,NA,2022-01-01,2022-01-31,180969.215605749,NA,NA,NA,"FALSE","TRUE",1,"testneg_abdominal_pain",FALSE,"months",FALSE,4,NA,5,"Denominator cohort 4","19;40","Both",0,2020-09-01,2022-07-01,NA,NA,"PharMetrics Plus"
"24","11",2137929,59862012,NA,2022-02-01,2022-02-28,163893.256673511,NA,NA,NA,"FALSE","TRUE",1,"testneg_abdominal_pain",FALSE,"months",FALSE,4,NA,5,"Denominator cohort 4","19;40","Both",0,2020-09-01,2022-07-01,NA,NA,"PharMetrics Plus"
"25","11",2137553,66264143,NA,2022-03-01,2022-03-31,181421.336071184,NA,NA,NA,"FALSE","TRUE",1,"testneg_abdominal_pain",FALSE,"months",FALSE,4,NA,5,"Denominator cohort 4","19;40","Both",0,2020-09-01,2022-07-01,NA,NA,"PharMetrics Plus"
"26","11",451023,13530690,NA,2022-04-01,2022-04-30,37045.0102669405,NA,NA,NA,"FALSE","TRUE",1,"testneg_abdominal_pain",FALSE,"months",FALSE,4,NA,5,"Denominator cohort 4","19;40","Both",0,2020-09-01,2022-07-01,NA,NA,"PharMetrics Plus"
"27","11",450520,13966120,NA,2022-05-01,2022-05-31,38237.1526351814,NA,NA,NA,"FALSE","TRUE",1,"testneg_abdominal_pain",FALSE,"months",FALSE,4,NA,5,"Denominator cohort 4","19;40","Both",0,2020-09-01,2022-07-01,NA,NA,"PharMetrics Plus"
"28","11",449973,13499190,NA,2022-06-01,2022-06-30,36958.7679671458,NA,NA,NA,"FALSE","TRUE",1,"testneg_abdominal_pain",FALSE,"months",FALSE,4,NA,5,"Denominator cohort 4","19;40","Both",0,2020-09-01,2022-07-01,NA,NA,"PharMetrics Plus"
"29","12",3696955,1248149754,NA,2020-09-01,2022-06-30,3417247.78644764,NA,NA,NA,"FALSE","TRUE",1,"testneg_abdominal_pain",FALSE,"overall",FALSE,4,NA,5,"Denominator cohort 4","19;40","Both",0,2020-09-01,2022-07-01,NA,NA,"PharMetrics Plus"
"30","13",2561626,298886389,NA,2020-09-01,2020-12-31,818306.335386721,NA,NA,NA,"FALSE","TRUE",1,"testneg_abdominal_pain",FALSE,"years",FALSE,5,NA,5,"Denominator cohort 5","41;64","Both",0,2020-09-01,2022-07-01,NA,NA,"PharMetrics Plus"
"31","13",2994719,909153889,NA,2021-01-01,2021-12-31,2489127.69062286,NA,NA,NA,"FALSE","TRUE",1,"testneg_abdominal_pain",FALSE,"years",FALSE,5,NA,5,"Denominator cohort 5","41;64","Both",0,2020-09-01,2022-07-01,NA,NA,"PharMetrics Plus"
"32","13",2611564,269322298,NA,2022-01-01,2022-06-30,737364.265571526,NA,NA,NA,"FALSE","TRUE",1,"testneg_abdominal_pain",FALSE,"years",FALSE,5,NA,5,"Denominator cohort 5","41;64","Both",0,2020-09-01,2022-07-01,NA,NA,"PharMetrics Plus"
"33","14",2454254,73627620,NA,2020-09-01,2020-09-30,201581.437371663,NA,NA,NA,"FALSE","TRUE",1,"testneg_abdominal_pain",FALSE,"months",FALSE,5,NA,5,"Denominator cohort 5","41;64","Both",0,2020-09-01,2022-07-01,NA,NA,"PharMetrics Plus"
"34","14",2451879,76008249,NA,2020-10-01,2020-10-31,208099.244353183,NA,NA,NA,"FALSE","TRUE",1,"testneg_abdominal_pain",FALSE,"months",FALSE,5,NA,5,"Denominator cohort 5","41;64","Both",0,2020-09-01,2022-07-01,NA,NA,"PharMetrics Plus"
"35","14",2448414,73452420,NA,2020-11-01,2020-11-30,201101.765913758,NA,NA,NA,"FALSE","TRUE",1,"testneg_abdominal_pain",FALSE,"months",FALSE,5,NA,5,"Denominator cohort 5","41;64","Both",0,2020-09-01,2022-07-01,NA,NA,"PharMetrics Plus"
"36","14",2445100,75798100,NA,2020-12-01,2020-12-31,207523.887748118,NA,NA,NA,"FALSE","TRUE",1,"testneg_abdominal_pain",FALSE,"months",FALSE,5,NA,5,"Denominator cohort 5","41;64","Both",0,2020-09-01,2022-07-01,NA,NA,"PharMetrics Plus"
"37","14",2462269,76330339,NA,2021-01-01,2021-01-31,208981.07871321,NA,NA,NA,"FALSE","TRUE",1,"testneg_abdominal_pain",FALSE,"months",FALSE,5,NA,5,"Denominator cohort 5","41;64","Both",0,2020-09-01,2022-07-01,NA,NA,"PharMetrics Plus"
"38","14",2461921,68933788,NA,2021-02-01,2021-02-28,188730.425735797,NA,NA,NA,"FALSE","TRUE",1,"testneg_abdominal_pain",FALSE,"months",FALSE,5,NA,5,"Denominator cohort 5","41;64","Both",0,2020-09-01,2022-07-01,NA,NA,"PharMetrics Plus"
"39","14",2467401,76489431,NA,2021-03-01,2021-03-31,209416.648870637,NA,NA,NA,"FALSE","TRUE",1,"testneg_abdominal_pain",FALSE,"months",FALSE,5,NA,5,"Denominator cohort 5","41;64","Both",0,2020-09-01,2022-07-01,NA,NA,"PharMetrics Plus"
"40","14",2470276,74108280,NA,2021-04-01,2021-04-30,202897.412731006,NA,NA,NA,"FALSE","TRUE",1,"testneg_abdominal_pain",FALSE,"months",FALSE,5,NA,5,"Denominator cohort 5","41;64","Both",0,2020-09-01,2022-07-01,NA,NA,"PharMetrics Plus"
"41","14",2475060,76726860,NA,2021-05-01,2021-05-31,210066.694045175,NA,NA,NA,"FALSE","TRUE",1,"testneg_abdominal_pain",FALSE,"months",FALSE,5,NA,5,"Denominator cohort 5","41;64","Both",0,2020-09-01,2022-07-01,NA,NA,"PharMetrics Plus"
"42","14",2481845,74455350,NA,2021-06-01,2021-06-30,203847.638603696,NA,NA,NA,"FALSE","TRUE",1,"testneg_abdominal_pain",FALSE,"months",FALSE,5,NA,5,"Denominator cohort 5","41;64","Both",0,2020-09-01,2022-07-01,NA,NA,"PharMetrics Plus"
"43","14",2492310,77261610,NA,2021-07-01,2021-07-31,211530.759753593,NA,NA,NA,"FALSE","TRUE",1,"testneg_abdominal_pain",FALSE,"months",FALSE,5,NA,5,"Denominator cohort 5","41;64","Both",0,2020-09-01,2022-07-01,NA,NA,"PharMetrics Plus"
"44","14",2504020,77624620,NA,2021-08-01,2021-08-31,212524.62696783,NA,NA,NA,"FALSE","TRUE",1,"testneg_abdominal_pain",FALSE,"months",FALSE,5,NA,5,"Denominator cohort 5","41;64","Both",0,2020-09-01,2022-07-01,NA,NA,"PharMetrics Plus"
"45","14",2516600,75498000,NA,2021-09-01,2021-09-30,206702.258726899,NA,NA,NA,"FALSE","TRUE",1,"testneg_abdominal_pain",FALSE,"months",FALSE,5,NA,5,"Denominator cohort 5","41;64","Both",0,2020-09-01,2022-07-01,NA,NA,"PharMetrics Plus"
"46","14",2517542,78043802,NA,2021-10-01,2021-10-31,213672.284736482,NA,NA,NA,"FALSE","TRUE",1,"testneg_abdominal_pain",FALSE,"months",FALSE,5,NA,5,"Denominator cohort 5","41;64","Both",0,2020-09-01,2022-07-01,NA,NA,"PharMetrics Plus"
"47","14",2519224,75576720,NA,2021-11-01,2021-11-30,206917.782340862,NA,NA,NA,"FALSE","TRUE",1,"testneg_abdominal_pain",FALSE,"months",FALSE,5,NA,5,"Denominator cohort 5","41;64","Both",0,2020-09-01,2022-07-01,NA,NA,"PharMetrics Plus"
"48","14",2519519,78105089,NA,2021-12-01,2021-12-31,213840.079397673,NA,NA,NA,"FALSE","TRUE",1,"testneg_abdominal_pain",FALSE,"months",FALSE,5,NA,5,"Denominator cohort 5","41;64","Both",0,2020-09-01,2022-07-01,NA,NA,"PharMetrics Plus"
"49","14",2494211,77320541,NA,2022-01-01,2022-01-31,211692.10403833,NA,NA,NA,"FALSE","TRUE",1,"testneg_abdominal_pain",FALSE,"months",FALSE,5,NA,5,"Denominator cohort 5","41;64","Both",0,2020-09-01,2022-07-01,NA,NA,"PharMetrics Plus"
"50","14",2498885,69968780,NA,2022-02-01,2022-02-28,191564.079397673,NA,NA,NA,"FALSE","TRUE",1,"testneg_abdominal_pain",FALSE,"months",FALSE,5,NA,5,"Denominator cohort 5","41;64","Both",0,2020-09-01,2022-07-01,NA,NA,"PharMetrics Plus"
"51","14",2498731,77460661,NA,2022-03-01,2022-03-31,212075.731690623,NA,NA,NA,"FALSE","TRUE",1,"testneg_abdominal_pain",FALSE,"months",FALSE,5,NA,5,"Denominator cohort 5","41;64","Both",0,2020-09-01,2022-07-01,NA,NA,"PharMetrics Plus"
"52","14",490232,14706960,NA,2022-04-01,2022-04-30,40265.4620123203,NA,NA,NA,"FALSE","TRUE",1,"testneg_abdominal_pain",FALSE,"months",FALSE,5,NA,5,"Denominator cohort 5","41;64","Both",0,2020-09-01,2022-07-01,NA,NA,"PharMetrics Plus"
"53","14",489956,15188636,NA,2022-05-01,2022-05-31,41584.219028063,NA,NA,NA,"FALSE","TRUE",1,"testneg_abdominal_pain",FALSE,"months",FALSE,5,NA,5,"Denominator cohort 5","41;64","Both",0,2020-09-01,2022-07-01,NA,NA,"PharMetrics Plus"
"54","14",489224,14676720,NA,2022-06-01,2022-06-30,40182.6694045175,NA,NA,NA,"FALSE","TRUE",1,"testneg_abdominal_pain",FALSE,"months",FALSE,5,NA,5,"Denominator cohort 5","41;64","Both",0,2020-09-01,2022-07-01,NA,NA,"PharMetrics Plus"
"55","15",3841761,1477362576,NA,2020-09-01,2022-06-30,4044798.29158111,NA,NA,NA,"FALSE","TRUE",1,"testneg_abdominal_pain",FALSE,"overall",FALSE,5,NA,5,"Denominator cohort 5","41;64","Both",0,2020-09-01,2022-07-01,NA,NA,"PharMetrics Plus"
"56","16",2009763,239569767,NA,2020-09-01,2020-12-31,655906.275154004,NA,NA,NA,"FALSE","TRUE",1,"testneg_abdominal_pain",FALSE,"years",FALSE,6,NA,5,"Denominator cohort 6","65;120","Both",0,2020-09-01,2022-07-01,NA,NA,"PharMetrics Plus"
"57","16",2335813,765924805,NA,2021-01-01,2021-12-31,2096987.83025325,NA,NA,NA,"FALSE","TRUE",1,"testneg_abdominal_pain",FALSE,"years",FALSE,6,NA,5,"Denominator cohort 6","65;120","Both",0,2020-09-01,2022-07-01,NA,NA,"PharMetrics Plus"
"58","16",2234804,210655227,NA,2022-01-01,2022-06-30,576742.579055441,NA,NA,NA,"FALSE","TRUE",1,"testneg_abdominal_pain",FALSE,"years",FALSE,6,NA,5,"Denominator cohort 6","65;120","Both",0,2020-09-01,2022-07-01,NA,NA,"PharMetrics Plus"
"59","17",1967063,59011890,NA,2020-09-01,2020-09-30,161565.749486653,NA,NA,NA,"FALSE","TRUE",1,"testneg_abdominal_pain",FALSE,"months",FALSE,6,NA,5,"Denominator cohort 6","65;120","Both",0,2020-09-01,2022-07-01,NA,NA,"PharMetrics Plus"
"60","17",1966586,60964166,NA,2020-10-01,2020-10-31,166910.789869952,NA,NA,NA,"FALSE","TRUE",1,"testneg_abdominal_pain",FALSE,"months",FALSE,6,NA,5,"Denominator cohort 6","65;120","Both",0,2020-09-01,2022-07-01,NA,NA,"PharMetrics Plus"
"61","17",1962838,58885140,NA,2020-11-01,2020-11-30,161218.726899384,NA,NA,NA,"FALSE","TRUE",1,"testneg_abdominal_pain",FALSE,"months",FALSE,6,NA,5,"Denominator cohort 6","65;120","Both",0,2020-09-01,2022-07-01,NA,NA,"PharMetrics Plus"
"62","17",1958341,60708571,NA,2020-12-01,2020-12-31,166211.008898015,NA,NA,NA,"FALSE","TRUE",1,"testneg_abdominal_pain",FALSE,"months",FALSE,6,NA,5,"Denominator cohort 6","65;120","Both",0,2020-09-01,2022-07-01,NA,NA,"PharMetrics Plus"
"63","17",2113146,65507526,NA,2021-01-01,2021-01-31,179349.831622177,NA,NA,NA,"FALSE","TRUE",1,"testneg_abdominal_pain",FALSE,"months",FALSE,6,NA,5,"Denominator cohort 6","65;120","Both",0,2020-09-01,2022-07-01,NA,NA,"PharMetrics Plus"
"64","17",2104776,58933728,NA,2021-02-01,2021-02-28,161351.753593429,NA,NA,NA,"FALSE","TRUE",1,"testneg_abdominal_pain",FALSE,"months",FALSE,6,NA,5,"Denominator cohort 6","65;120","Both",0,2020-09-01,2022-07-01,NA,NA,"PharMetrics Plus"
"65","17",2101637,65150747,NA,2021-03-01,2021-03-31,178373.023956194,NA,NA,NA,"FALSE","TRUE",1,"testneg_abdominal_pain",FALSE,"months",FALSE,6,NA,5,"Denominator cohort 6","65;120","Both",0,2020-09-01,2022-07-01,NA,NA,"PharMetrics Plus"
"66","17",2100377,63011310,NA,2021-04-01,2021-04-30,172515.564681725,NA,NA,NA,"FALSE","TRUE",1,"testneg_abdominal_pain",FALSE,"months",FALSE,6,NA,5,"Denominator cohort 6","65;120","Both",0,2020-09-01,2022-07-01,NA,NA,"PharMetrics Plus"
"67","17",2097153,65011743,NA,2021-05-01,2021-05-31,177992.45174538,NA,NA,NA,"FALSE","TRUE",1,"testneg_abdominal_pain",FALSE,"months",FALSE,6,NA,5,"Denominator cohort 6","65;120","Both",0,2020-09-01,2022-07-01,NA,NA,"PharMetrics Plus"
"68","17",2095869,62876070,NA,2021-06-01,2021-06-30,172145.297741273,NA,NA,NA,"FALSE","TRUE",1,"testneg_abdominal_pain",FALSE,"months",FALSE,6,NA,5,"Denominator cohort 6","65;120","Both",0,2020-09-01,2022-07-01,NA,NA,"PharMetrics Plus"
"69","17",2097172,65012332,NA,2021-07-01,2021-07-31,177994.064339493,NA,NA,NA,"FALSE","TRUE",1,"testneg_abdominal_pain",FALSE,"months",FALSE,6,NA,5,"Denominator cohort 6","65;120","Both",0,2020-09-01,2022-07-01,NA,NA,"PharMetrics Plus"
"70","17",2096766,64999746,NA,2021-08-01,2021-08-31,177959.605749487,NA,NA,NA,"FALSE","TRUE",1,"testneg_abdominal_pain",FALSE,"months",FALSE,6,NA,5,"Denominator cohort 6","65;120","Both",0,2020-09-01,2022-07-01,NA,NA,"PharMetrics Plus"
"71","17",2097970,62939100,NA,2021-09-01,2021-09-30,172317.864476386,NA,NA,NA,"FALSE","TRUE",1,"testneg_abdominal_pain",FALSE,"months",FALSE,6,NA,5,"Denominator cohort 6","65;120","Both",0,2020-09-01,2022-07-01,NA,NA,"PharMetrics Plus"
"72","17",2096378,64987718,NA,2021-10-01,2021-10-31,177926.674880219,NA,NA,NA,"FALSE","TRUE",1,"testneg_abdominal_pain",FALSE,"months",FALSE,6,NA,5,"Denominator cohort 6","65;120","Both",0,2020-09-01,2022-07-01,NA,NA,"PharMetrics Plus"
"73","17",2092314,62769420,NA,2021-11-01,2021-11-30,171853.305954825,NA,NA,NA,"FALSE","TRUE",1,"testneg_abdominal_pain",FALSE,"months",FALSE,6,NA,5,"Denominator cohort 6","65;120","Both",0,2020-09-01,2022-07-01,NA,NA,"PharMetrics Plus"
"74","17",2087915,64725365,NA,2021-12-01,2021-12-31,177208.391512663,NA,NA,NA,"FALSE","TRUE",1,"testneg_abdominal_pain",FALSE,"months",FALSE,6,NA,5,"Denominator cohort 6","65;120","Both",0,2020-09-01,2022-07-01,NA,NA,"PharMetrics Plus"
"75","17",2176936,67485016,NA,2022-01-01,2022-01-31,184763.904175222,NA,NA,NA,"FALSE","TRUE",1,"testneg_abdominal_pain",FALSE,"months",FALSE,6,NA,5,"Denominator cohort 6","65;120","Both",0,2020-09-01,2022-07-01,NA,NA,"PharMetrics Plus"
"76","17",2171194,60793432,NA,2022-02-01,2022-02-28,166443.345653662,NA,NA,NA,"FALSE","TRUE",1,"testneg_abdominal_pain",FALSE,"months",FALSE,6,NA,5,"Denominator cohort 6","65;120","Both",0,2020-09-01,2022-07-01,NA,NA,"PharMetrics Plus"
"77","17",2168551,67225081,NA,2022-03-01,2022-03-31,184052.240930869,NA,NA,NA,"FALSE","TRUE",1,"testneg_abdominal_pain",FALSE,"months",FALSE,6,NA,5,"Denominator cohort 6","65;120","Both",0,2020-09-01,2022-07-01,NA,NA,"PharMetrics Plus"
"78","17",167320,5019600,NA,2022-04-01,2022-04-30,13742.9158110883,NA,NA,NA,"FALSE","TRUE",1,"testneg_abdominal_pain",FALSE,"months",FALSE,6,NA,5,"Denominator cohort 6","65;120","Both",0,2020-09-01,2022-07-01,NA,NA,"PharMetrics Plus"
"79","17",166458,5160198,NA,2022-05-01,2022-05-31,14127.8521560575,NA,NA,NA,"FALSE","TRUE",1,"testneg_abdominal_pain",FALSE,"months",FALSE,6,NA,5,"Denominator cohort 6","65;120","Both",0,2020-09-01,2022-07-01,NA,NA,"PharMetrics Plus"
"80","17",165730,4971900,NA,2022-06-01,2022-06-30,13612.3203285421,NA,NA,NA,"FALSE","TRUE",1,"testneg_abdominal_pain",FALSE,"months",FALSE,6,NA,5,"Denominator cohort 6","65;120","Both",0,2020-09-01,2022-07-01,NA,NA,"PharMetrics Plus"
"81","18",2813313,1216149799,NA,2020-09-01,2022-06-30,3329636.6844627,NA,NA,NA,"FALSE","TRUE",1,"testneg_abdominal_pain",FALSE,"overall",FALSE,6,NA,5,"Denominator cohort 6","65;120","Both",0,2020-09-01,2022-07-01,NA,NA,"PharMetrics Plus"
"82","19",432256,49256416,NA,2020-09-01,2020-12-31,134856.717316906,NA,NA,NA,"FALSE","TRUE",27,"testneg_any_lc",FALSE,"years",FALSE,1,NA,5,"Denominator cohort 1","0;6","Both",0,2020-09-01,2022-07-01,NA,NA,"PharMetrics Plus"
"83","19",510606,141809816,NA,2021-01-01,2021-12-31,388254.116358658,NA,NA,NA,"FALSE","TRUE",27,"testneg_any_lc",FALSE,"years",FALSE,1,NA,5,"Denominator cohort 1","0;6","Both",0,2020-09-01,2022-07-01,NA,NA,"PharMetrics Plus"
"84","19",390374,42316257,NA,2022-01-01,2022-06-30,115855.597535934,NA,NA,NA,"FALSE","TRUE",27,"testneg_any_lc",FALSE,"years",FALSE,1,NA,5,"Denominator cohort 1","0;6","Both",0,2020-09-01,2022-07-01,NA,NA,"PharMetrics Plus"
"85","2",397307,11919210,NA,2020-09-01,2020-09-30,32633.0184804928,NA,NA,NA,"FALSE","TRUE",1,"testneg_abdominal_pain",FALSE,"months",FALSE,1,NA,5,"Denominator cohort 1","0;6","Both",0,2020-09-01,2022-07-01,NA,NA,"PharMetrics Plus"
"86","2",402076,12464356,NA,2020-10-01,2020-10-31,34125.5468856947,NA,NA,NA,"FALSE","TRUE",1,"testneg_abdominal_pain",FALSE,"months",FALSE,1,NA,5,"Denominator cohort 1","0;6","Both",0,2020-09-01,2022-07-01,NA,NA,"PharMetrics Plus"
"87","2",405852,12175560,NA,2020-11-01,2020-11-30,33334.8665297741,NA,NA,NA,"FALSE","TRUE",1,"testneg_abdominal_pain",FALSE,"months",FALSE,1,NA,5,"Denominator cohort 1","0;6","Both",0,2020-09-01,2022-07-01,NA,NA,"PharMetrics Plus"
"88","2",409590,12697290,NA,2020-12-01,2020-12-31,34763.2854209446,NA,NA,NA,"FALSE","TRUE",1,"testneg_abdominal_pain",FALSE,"months",FALSE,1,NA,5,"Denominator cohort 1","0;6","Both",0,2020-09-01,2022-07-01,NA,NA,"PharMetrics Plus"
"89","2",356589,11054259,NA,2021-01-01,2021-01-31,30264.9117043121,NA,NA,NA,"FALSE","TRUE",1,"testneg_abdominal_pain",FALSE,"months",FALSE,1,NA,5,"Denominator cohort 1","0;6","Both",0,2020-09-01,2022-07-01,NA,NA,"PharMetrics Plus"
"90","2",360893,10105004,NA,2021-02-01,2021-02-28,27665.993155373,NA,NA,NA,"FALSE","TRUE",1,"testneg_abdominal_pain",FALSE,"months",FALSE,1,NA,5,"Denominator cohort 1","0;6","Both",0,2020-09-01,2022-07-01,NA,NA,"PharMetrics Plus"
"91","2",366756,11369436,NA,2021-03-01,2021-03-31,31127.819301848,NA,NA,NA,"FALSE","TRUE",1,"testneg_abdominal_pain",FALSE,"months",FALSE,1,NA,5,"Denominator cohort 1","0;6","Both",0,2020-09-01,2022-07-01,NA,NA,"PharMetrics Plus"
"92","2",371430,11142900,NA,2021-04-01,2021-04-30,30507.5975359343,NA,NA,NA,"FALSE","TRUE",1,"testneg_abdominal_pain",FALSE,"months",FALSE,1,NA,5,"Denominator cohort 1","0;6","Both",0,2020-09-01,2022-07-01,NA,NA,"PharMetrics Plus"
"93","2",376704,11677824,NA,2021-05-01,2021-05-31,31972.1396303901,NA,NA,NA,"FALSE","TRUE",1,"testneg_abdominal_pain",FALSE,"months",FALSE,1,NA,5,"Denominator cohort 1","0;6","Both",0,2020-09-01,2022-07-01,NA,NA,"PharMetrics Plus"
"94","2",383515,11505450,NA,2021-06-01,2021-06-30,31500.205338809,NA,NA,NA,"FALSE","TRUE",1,"testneg_abdominal_pain",FALSE,"months",FALSE,1,NA,5,"Denominator cohort 1","0;6","Both",0,2020-09-01,2022-07-01,NA,NA,"PharMetrics Plus"
"95","2",391045,12122395,NA,2021-07-01,2021-07-31,33189.3086926762,NA,NA,NA,"FALSE","TRUE",1,"testneg_abdominal_pain",FALSE,"months",FALSE,1,NA,5,"Denominator cohort 1","0;6","Both",0,2020-09-01,2022-07-01,NA,NA,"PharMetrics Plus"
"96","2",398132,12342092,NA,2021-08-01,2021-08-31,33790.8062970568,NA,NA,NA,"FALSE","TRUE",1,"testneg_abdominal_pain",FALSE,"months",FALSE,1,NA,5,"Denominator cohort 1","0;6","Both",0,2020-09-01,2022-07-01,NA,NA,"PharMetrics Plus"
"97","2",405195,12155850,NA,2021-09-01,2021-09-30,33280.9034907598,NA,NA,NA,"FALSE","TRUE",1,"testneg_abdominal_pain",FALSE,"months",FALSE,1,NA,5,"Denominator cohort 1","0;6","Both",0,2020-09-01,2022-07-01,NA,NA,"PharMetrics Plus"
"98","2",411584,12759104,NA,2021-10-01,2021-10-31,34932.5229295003,NA,NA,NA,"FALSE","TRUE",1,"testneg_abdominal_pain",FALSE,"months",FALSE,1,NA,5,"Denominator cohort 1","0;6","Both",0,2020-09-01,2022-07-01,NA,NA,"PharMetrics Plus"
"99","2",416913,12507390,NA,2021-11-01,2021-11-30,34243.3675564682,NA,NA,NA,"FALSE","TRUE",1,"testneg_abdominal_pain",FALSE,"months",FALSE,1,NA,5,"Denominator cohort 1","0;6","Both",0,2020-09-01,2022-07-01,NA,NA,"PharMetrics Plus"
"100","2",421552,13068112,NA,2021-12-01,2021-12-31,35778.5407255305,NA,NA,NA,"FALSE","TRUE",1,"testneg_abdominal_pain",FALSE,"months",FALSE,1,NA,5,"Denominator cohort 1","0;6","Both",0,2020-09-01,2022-07-01,NA,NA,"PharMetrics Plus"
"101","2",359661,11149491,NA,2022-01-01,2022-01-31,30525.6427104723,NA,NA,NA,"FALSE","TRUE",1,"testneg_abdominal_pain",FALSE,"months",FALSE,1,NA,5,"Denominator cohort 1","0;6","Both",0,2020-09-01,2022-07-01,NA,NA,"PharMetrics Plus"
"102","2",364556,10207542,NA,2022-02-01,2022-02-28,27946.726899384,NA,NA,NA,"FALSE","TRUE",1,"testneg_abdominal_pain",FALSE,"months",FALSE,1,NA,5,"Denominator cohort 1","0;6","Both",0,2020-09-01,2022-07-01,NA,NA,"PharMetrics Plus"
"103","2",368753,11431343,NA,2022-03-01,2022-03-31,31297.311430527,NA,NA,NA,"FALSE","TRUE",1,"testneg_abdominal_pain",FALSE,"months",FALSE,1,NA,5,"Denominator cohort 1","0;6","Both",0,2020-09-01,2022-07-01,NA,NA,"PharMetrics Plus"
"104","2",104096,3122880,NA,2022-04-01,2022-04-30,8549.9794661191,NA,NA,NA,"FALSE","TRUE",1,"testneg_abdominal_pain",FALSE,"months",FALSE,1,NA,5,"Denominator cohort 1","0;6","Both",0,2020-09-01,2022-07-01,NA,NA,"PharMetrics Plus"
"105","2",104971,3254101,NA,2022-05-01,2022-05-31,8909.24298425736,NA,NA,NA,"FALSE","TRUE",1,"testneg_abdominal_pain",FALSE,"months",FALSE,1,NA,5,"Denominator cohort 1","0;6","Both",0,2020-09-01,2022-07-01,NA,NA,"PharMetrics Plus"
"106","2",105030,3150900,NA,2022-06-01,2022-06-30,8626.69404517454,NA,NA,NA,"FALSE","TRUE",1,"testneg_abdominal_pain",FALSE,"months",FALSE,1,NA,5,"Denominator cohort 1","0;6","Both",0,2020-09-01,2022-07-01,NA,NA,"PharMetrics Plus"
"107","20",397307,11919210,NA,2020-09-01,2020-09-30,32633.0184804928,NA,NA,NA,"FALSE","TRUE",27,"testneg_any_lc",FALSE,"months",FALSE,1,NA,5,"Denominator cohort 1","0;6","Both",0,2020-09-01,2022-07-01,NA,NA,"PharMetrics Plus"
"108","20",402076,12464356,NA,2020-10-01,2020-10-31,34125.5468856947,NA,NA,NA,"FALSE","TRUE",27,"testneg_any_lc",FALSE,"months",FALSE,1,NA,5,"Denominator cohort 1","0;6","Both",0,2020-09-01,2022-07-01,NA,NA,"PharMetrics Plus"
"109","20",405852,12175560,NA,2020-11-01,2020-11-30,33334.8665297741,NA,NA,NA,"FALSE","TRUE",27,"testneg_any_lc",FALSE,"months",FALSE,1,NA,5,"Denominator cohort 1","0;6","Both",0,2020-09-01,2022-07-01,NA,NA,"PharMetrics Plus"
"110","20",409590,12697290,NA,2020-12-01,2020-12-31,34763.2854209446,NA,NA,NA,"FALSE","TRUE",27,"testneg_any_lc",FALSE,"months",FALSE,1,NA,5,"Denominator cohort 1","0;6","Both",0,2020-09-01,2022-07-01,NA,NA,"PharMetrics Plus"
"111","20",356589,11054259,NA,2021-01-01,2021-01-31,30264.9117043121,NA,NA,NA,"FALSE","TRUE",27,"testneg_any_lc",FALSE,"months",FALSE,1,NA,5,"Denominator cohort 1","0;6","Both",0,2020-09-01,2022-07-01,NA,NA,"PharMetrics Plus"
"112","20",360893,10105004,NA,2021-02-01,2021-02-28,27665.993155373,NA,NA,NA,"FALSE","TRUE",27,"testneg_any_lc",FALSE,"months",FALSE,1,NA,5,"Denominator cohort 1","0;6","Both",0,2020-09-01,2022-07-01,NA,NA,"PharMetrics Plus"
"113","20",366756,11369436,NA,2021-03-01,2021-03-31,31127.819301848,NA,NA,NA,"FALSE","TRUE",27,"testneg_any_lc",FALSE,"months",FALSE,1,NA,5,"Denominator cohort 1","0;6","Both",0,2020-09-01,2022-07-01,NA,NA,"PharMetrics Plus"
"114","20",371430,11142900,NA,2021-04-01,2021-04-30,30507.5975359343,NA,NA,NA,"FALSE","TRUE",27,"testneg_any_lc",FALSE,"months",FALSE,1,NA,5,"Denominator cohort 1","0;6","Both",0,2020-09-01,2022-07-01,NA,NA,"PharMetrics Plus"
"115","20",376704,11677824,NA,2021-05-01,2021-05-31,31972.1396303901,NA,NA,NA,"FALSE","TRUE",27,"testneg_any_lc",FALSE,"months",FALSE,1,NA,5,"Denominator cohort 1","0;6","Both",0,2020-09-01,2022-07-01,NA,NA,"PharMetrics Plus"
"116","20",383515,11505450,NA,2021-06-01,2021-06-30,31500.205338809,NA,NA,NA,"FALSE","TRUE",27,"testneg_any_lc",FALSE,"months",FALSE,1,NA,5,"Denominator cohort 1","0;6","Both",0,2020-09-01,2022-07-01,NA,NA,"PharMetrics Plus"
"117","20",391045,12122395,NA,2021-07-01,2021-07-31,33189.3086926762,NA,NA,NA,"FALSE","TRUE",27,"testneg_any_lc",FALSE,"months",FALSE,1,NA,5,"Denominator cohort 1","0;6","Both",0,2020-09-01,2022-07-01,NA,NA,"PharMetrics Plus"
"118","20",398132,12342092,NA,2021-08-01,2021-08-31,33790.8062970568,NA,NA,NA,"FALSE","TRUE",27,"testneg_any_lc",FALSE,"months",FALSE,1,NA,5,"Denominator cohort 1","0;6","Both",0,2020-09-01,2022-07-01,NA,NA,"PharMetrics Plus"
"119","20",405195,12155850,NA,2021-09-01,2021-09-30,33280.9034907598,NA,NA,NA,"FALSE","TRUE",27,"testneg_any_lc",FALSE,"months",FALSE,1,NA,5,"Denominator cohort 1","0;6","Both",0,2020-09-01,2022-07-01,NA,NA,"PharMetrics Plus"
"120","20",411584,12759104,NA,2021-10-01,2021-10-31,34932.5229295003,NA,NA,NA,"FALSE","TRUE",27,"testneg_any_lc",FALSE,"months",FALSE,1,NA,5,"Denominator cohort 1","0;6","Both",0,2020-09-01,2022-07-01,NA,NA,"PharMetrics Plus"
"121","20",416913,12507390,NA,2021-11-01,2021-11-30,34243.3675564682,NA,NA,NA,"FALSE","TRUE",27,"testneg_any_lc",FALSE,"months",FALSE,1,NA,5,"Denominator cohort 1","0;6","Both",0,2020-09-01,2022-07-01,NA,NA,"PharMetrics Plus"
"122","20",421552,13068112,NA,2021-12-01,2021-12-31,35778.5407255305,NA,NA,NA,"FALSE","TRUE",27,"testneg_any_lc",FALSE,"months",FALSE,1,NA,5,"Denominator cohort 1","0;6","Both",0,2020-09-01,2022-07-01,NA,NA,"PharMetrics Plus"
"123","20",359661,11149491,NA,2022-01-01,2022-01-31,30525.6427104723,NA,NA,NA,"FALSE","TRUE",27,"testneg_any_lc",FALSE,"months",FALSE,1,NA,5,"Denominator cohort 1","0;6","Both",0,2020-09-01,2022-07-01,NA,NA,"PharMetrics Plus"
"124","20",364556,10207542,NA,2022-02-01,2022-02-28,27946.726899384,NA,NA,NA,"FALSE","TRUE",27,"testneg_any_lc",FALSE,"months",FALSE,1,NA,5,"Denominator cohort 1","0;6","Both",0,2020-09-01,2022-07-01,NA,NA,"PharMetrics Plus"
"125","20",368753,11431343,NA,2022-03-01,2022-03-31,31297.311430527,NA,NA,NA,"FALSE","TRUE",27,"testneg_any_lc",FALSE,"months",FALSE,1,NA,5,"Denominator cohort 1","0;6","Both",0,2020-09-01,2022-07-01,NA,NA,"PharMetrics Plus"
"126","20",104096,3122880,NA,2022-04-01,2022-04-30,8549.9794661191,NA,NA,NA,"FALSE","TRUE",27,"testneg_any_lc",FALSE,"months",FALSE,1,NA,5,"Denominator cohort 1","0;6","Both",0,2020-09-01,2022-07-01,NA,NA,"PharMetrics Plus"
"127","20",104971,3254101,NA,2022-05-01,2022-05-31,8909.24298425736,NA,NA,NA,"FALSE","TRUE",27,"testneg_any_lc",FALSE,"months",FALSE,1,NA,5,"Denominator cohort 1","0;6","Both",0,2020-09-01,2022-07-01,NA,NA,"PharMetrics Plus"
"128","20",105030,3150900,NA,2022-06-01,2022-06-30,8626.69404517454,NA,NA,NA,"FALSE","TRUE",27,"testneg_any_lc",FALSE,"months",FALSE,1,NA,5,"Denominator cohort 1","0;6","Both",0,2020-09-01,2022-07-01,NA,NA,"PharMetrics Plus"
"129","21",694748,233382489,NA,2020-09-01,2022-06-30,638966.431211499,NA,NA,NA,"FALSE","TRUE",27,"testneg_any_lc",FALSE,"overall",FALSE,1,NA,5,"Denominator cohort 1","0;6","Both",0,2020-09-01,2022-07-01,NA,NA,"PharMetrics Plus"
"130","22",335279,38996047,NA,2020-09-01,2020-12-31,106765.35797399,NA,NA,NA,"FALSE","TRUE",27,"testneg_any_lc",FALSE,"years",FALSE,2,NA,5,"Denominator cohort 2","7;11","Both",0,2020-09-01,2022-07-01,NA,NA,"PharMetrics Plus"
"131","22",390862,117439523,NA,2021-01-01,2021-12-31,321531.890485968,NA,NA,NA,"FALSE","TRUE",27,"testneg_any_lc",FALSE,"years",FALSE,2,NA,5,"Denominator cohort 2","7;11","Both",0,2020-09-01,2022-07-01,NA,NA,"PharMetrics Plus"
"132","22",336285,37120098,NA,2022-01-01,2022-06-30,101629.289527721,NA,NA,NA,"FALSE","TRUE",27,"testneg_any_lc",FALSE,"years",FALSE,2,NA,5,"Denominator cohort 2","7;11","Both",0,2020-09-01,2022-07-01,NA,NA,"PharMetrics Plus"
"133","23",319456,9583680,NA,2020-09-01,2020-09-30,26238.6858316222,NA,NA,NA,"FALSE","TRUE",27,"testneg_any_lc",FALSE,"months",FALSE,2,NA,5,"Denominator cohort 2","7;11","Both",0,2020-09-01,2022-07-01,NA,NA,"PharMetrics Plus"
"134","23",319672,9909832,NA,2020-10-01,2020-10-31,27131.6413415469,NA,NA,NA,"FALSE","TRUE",27,"testneg_any_lc",FALSE,"months",FALSE,2,NA,5,"Denominator cohort 2","7;11","Both",0,2020-09-01,2022-07-01,NA,NA,"PharMetrics Plus"
"135","23",319640,9589200,NA,2020-11-01,2020-11-30,26253.7987679671,NA,NA,NA,"FALSE","TRUE",27,"testneg_any_lc",FALSE,"months",FALSE,2,NA,5,"Denominator cohort 2","7;11","Both",0,2020-09-01,2022-07-01,NA,NA,"PharMetrics Plus"
"136","23",319785,9913335,NA,2020-12-01,2020-12-31,27141.2320328542,NA,NA,NA,"FALSE","TRUE",27,"testneg_any_lc",FALSE,"months",FALSE,2,NA,5,"Denominator cohort 2","7;11","Both",0,2020-09-01,2022-07-01,NA,NA,"PharMetrics Plus"
"137","23",317567,9844577,NA,2021-01-01,2021-01-31,26952.9828884326,NA,NA,NA,"FALSE","TRUE",27,"testneg_any_lc",FALSE,"months",FALSE,2,NA,5,"Denominator cohort 2","7;11","Both",0,2020-09-01,2022-07-01,NA,NA,"PharMetrics Plus"
"138","23",318017,8904476,NA,2021-02-01,2021-02-28,24379.1266255989,NA,NA,NA,"FALSE","TRUE",27,"testneg_any_lc",FALSE,"months",FALSE,2,NA,5,"Denominator cohort 2","7;11","Both",0,2020-09-01,2022-07-01,NA,NA,"PharMetrics Plus"
"139","23",318910,9886210,NA,2021-03-01,2021-03-31,27066.9678302533,NA,NA,NA,"FALSE","TRUE",27,"testneg_any_lc",FALSE,"months",FALSE,2,NA,5,"Denominator cohort 2","7;11","Both",0,2020-09-01,2022-07-01,NA,NA,"PharMetrics Plus"
"140","23",318749,9562470,NA,2021-04-01,2021-04-30,26180.6160164271,NA,NA,NA,"FALSE","TRUE",27,"testneg_any_lc",FALSE,"months",FALSE,2,NA,5,"Denominator cohort 2","7;11","Both",0,2020-09-01,2022-07-01,NA,NA,"PharMetrics Plus"
"141","23",319014,9889434,NA,2021-05-01,2021-05-31,27075.794661191,NA,NA,NA,"FALSE","TRUE",27,"testneg_any_lc",FALSE,"months",FALSE,2,NA,5,"Denominator cohort 2","7;11","Both",0,2020-09-01,2022-07-01,NA,NA,"PharMetrics Plus"
"142","23",320214,9606420,NA,2021-06-01,2021-06-30,26300.9445585216,NA,NA,NA,"FALSE","TRUE",27,"testneg_any_lc",FALSE,"months",FALSE,2,NA,5,"Denominator cohort 2","7;11","Both",0,2020-09-01,2022-07-01,NA,NA,"PharMetrics Plus"
"143","23",321519,9967089,NA,2021-07-01,2021-07-31,27288.4024640657,NA,NA,NA,"FALSE","TRUE",27,"testneg_any_lc",FALSE,"months",FALSE,2,NA,5,"Denominator cohort 2","7;11","Both",0,2020-09-01,2022-07-01,NA,NA,"PharMetrics Plus"
"144","23",322924,10010644,NA,2021-08-01,2021-08-31,27407.6495550992,NA,NA,NA,"FALSE","TRUE",27,"testneg_any_lc",FALSE,"months",FALSE,2,NA,5,"Denominator cohort 2","7;11","Both",0,2020-09-01,2022-07-01,NA,NA,"PharMetrics Plus"
"145","23",324658,9739740,NA,2021-09-01,2021-09-30,26665.954825462,NA,NA,NA,"FALSE","TRUE",27,"testneg_any_lc",FALSE,"months",FALSE,2,NA,5,"Denominator cohort 2","7;11","Both",0,2020-09-01,2022-07-01,NA,NA,"PharMetrics Plus"
"146","23",325645,10094995,NA,2021-10-01,2021-10-31,27638.5900068446,NA,NA,NA,"FALSE","TRUE",27,"testneg_any_lc",FALSE,"months",FALSE,2,NA,5,"Denominator cohort 2","7;11","Both",0,2020-09-01,2022-07-01,NA,NA,"PharMetrics Plus"
"147","23",326427,9792810,NA,2021-11-01,2021-11-30,26811.2525667351,NA,NA,NA,"FALSE","TRUE",27,"testneg_any_lc",FALSE,"months",FALSE,2,NA,5,"Denominator cohort 2","7;11","Both",0,2020-09-01,2022-07-01,NA,NA,"PharMetrics Plus"
"148","23",327118,10140658,NA,2021-12-01,2021-12-31,27763.6084873374,NA,NA,NA,"FALSE","TRUE",27,"testneg_any_lc",FALSE,"months",FALSE,2,NA,5,"Denominator cohort 2","7;11","Both",0,2020-09-01,2022-07-01,NA,NA,"PharMetrics Plus"
"149","23",321256,9958936,NA,2022-01-01,2022-01-31,27266.0807665982,NA,NA,NA,"FALSE","TRUE",27,"testneg_any_lc",FALSE,"months",FALSE,2,NA,5,"Denominator cohort 2","7;11","Both",0,2020-09-01,2022-07-01,NA,NA,"PharMetrics Plus"
"150","23",321778,9009784,NA,2022-02-01,2022-02-28,24667.4442162902,NA,NA,NA,"FALSE","TRUE",27,"testneg_any_lc",FALSE,"months",FALSE,2,NA,5,"Denominator cohort 2","7;11","Both",0,2020-09-01,2022-07-01,NA,NA,"PharMetrics Plus"
"151","23",321968,9981008,NA,2022-03-01,2022-03-31,27326.5106091718,NA,NA,NA,"FALSE","TRUE",27,"testneg_any_lc",FALSE,"months",FALSE,2,NA,5,"Denominator cohort 2","7;11","Both",0,2020-09-01,2022-07-01,NA,NA,"PharMetrics Plus"
"152","23",89834,2695020,NA,2022-04-01,2022-04-30,7378.56262833676,NA,NA,NA,"FALSE","TRUE",27,"testneg_any_lc",FALSE,"months",FALSE,2,NA,5,"Denominator cohort 2","7;11","Both",0,2020-09-01,2022-07-01,NA,NA,"PharMetrics Plus"
"153","23",89840,2785040,NA,2022-05-01,2022-05-31,7625.02395619439,NA,NA,NA,"FALSE","TRUE",27,"testneg_any_lc",FALSE,"months",FALSE,2,NA,5,"Denominator cohort 2","7;11","Both",0,2020-09-01,2022-07-01,NA,NA,"PharMetrics Plus"
"154","23",89677,2690310,NA,2022-06-01,2022-06-30,7365.66735112936,NA,NA,NA,"FALSE","TRUE",27,"testneg_any_lc",FALSE,"months",FALSE,2,NA,5,"Denominator cohort 2","7;11","Both",0,2020-09-01,2022-07-01,NA,NA,"PharMetrics Plus"
"155","24",595303,193555668,NA,2020-09-01,2022-06-30,529926.53798768,NA,NA,NA,"FALSE","TRUE",27,"testneg_any_lc",FALSE,"overall",FALSE,2,NA,5,"Denominator cohort 2","7;11","Both",0,2020-09-01,2022-07-01,NA,NA,"PharMetrics Plus"
"156","25",528596,61611323,NA,2020-09-01,2020-12-31,168682.6091718,NA,NA,NA,"FALSE","TRUE",27,"testneg_any_lc",FALSE,"years",FALSE,3,NA,5,"Denominator cohort 3","12;18","Both",0,2020-09-01,2022-07-01,NA,NA,"PharMetrics Plus"
"157","25",610781,184799561,NA,2021-01-01,2021-12-31,505953.623545517,NA,NA,NA,"FALSE","TRUE",27,"testneg_any_lc",FALSE,"years",FALSE,3,NA,5,"Denominator cohort 3","12;18","Both",0,2020-09-01,2022-07-01,NA,NA,"PharMetrics Plus"
"158","25",516660,56807695,NA,2022-01-01,2022-06-30,155530.99247091,NA,NA,NA,"FALSE","TRUE",27,"testneg_any_lc",FALSE,"years",FALSE,3,NA,5,"Denominator cohort 3","12;18","Both",0,2020-09-01,2022-07-01,NA,NA,"PharMetrics Plus"
"159","26",505082,15152460,NA,2020-09-01,2020-09-30,41485.1745379877,NA,NA,NA,"FALSE","TRUE",27,"testneg_any_lc",FALSE,"months",FALSE,3,NA,5,"Denominator cohort 3","12;18","Both",0,2020-09-01,2022-07-01,NA,NA,"PharMetrics Plus"
"160","26",504947,15653357,NA,2020-10-01,2020-10-31,42856.5557837098,NA,NA,NA,"FALSE","TRUE",27,"testneg_any_lc",FALSE,"months",FALSE,3,NA,5,"Denominator cohort 3","12;18","Both",0,2020-09-01,2022-07-01,NA,NA,"PharMetrics Plus"
"161","26",505083,15152490,NA,2020-11-01,2020-11-30,41485.2566735113,NA,NA,NA,"FALSE","TRUE",27,"testneg_any_lc",FALSE,"months",FALSE,3,NA,5,"Denominator cohort 3","12;18","Both",0,2020-09-01,2022-07-01,NA,NA,"PharMetrics Plus"
"162","26",504936,15653016,NA,2020-12-01,2020-12-31,42855.6221765914,NA,NA,NA,"FALSE","TRUE",27,"testneg_any_lc",FALSE,"months",FALSE,3,NA,5,"Denominator cohort 3","12;18","Both",0,2020-09-01,2022-07-01,NA,NA,"PharMetrics Plus"
"163","26",499451,15482981,NA,2021-01-01,2021-01-31,42390.0917180014,NA,NA,NA,"FALSE","TRUE",27,"testneg_any_lc",FALSE,"months",FALSE,3,NA,5,"Denominator cohort 3","12;18","Both",0,2020-09-01,2022-07-01,NA,NA,"PharMetrics Plus"
"164","26",499601,13988828,NA,2021-02-01,2021-02-28,38299.3237508556,NA,NA,NA,"FALSE","TRUE",27,"testneg_any_lc",FALSE,"months",FALSE,3,NA,5,"Denominator cohort 3","12;18","Both",0,2020-09-01,2022-07-01,NA,NA,"PharMetrics Plus"
"165","26",500718,15522258,NA,2021-03-01,2021-03-31,42497.6262833676,NA,NA,NA,"FALSE","TRUE",27,"testneg_any_lc",FALSE,"months",FALSE,3,NA,5,"Denominator cohort 3","12;18","Both",0,2020-09-01,2022-07-01,NA,NA,"PharMetrics Plus"
"166","26",500518,15015540,NA,2021-04-01,2021-04-30,41110.3080082135,NA,NA,NA,"FALSE","TRUE",27,"testneg_any_lc",FALSE,"months",FALSE,3,NA,5,"Denominator cohort 3","12;18","Both",0,2020-09-01,2022-07-01,NA,NA,"PharMetrics Plus"
"167","26",501118,15534658,NA,2021-05-01,2021-05-31,42531.575633128,NA,NA,NA,"FALSE","TRUE",27,"testneg_any_lc",FALSE,"months",FALSE,3,NA,5,"Denominator cohort 3","12;18","Both",0,2020-09-01,2022-07-01,NA,NA,"PharMetrics Plus"
"168","26",502468,15074040,NA,2021-06-01,2021-06-30,41270.4722792608,NA,NA,NA,"FALSE","TRUE",27,"testneg_any_lc",FALSE,"months",FALSE,3,NA,5,"Denominator cohort 3","12;18","Both",0,2020-09-01,2022-07-01,NA,NA,"PharMetrics Plus"
"169","26",504343,15634633,NA,2021-07-01,2021-07-31,42805.2922655715,NA,NA,NA,"FALSE","TRUE",27,"testneg_any_lc",FALSE,"months",FALSE,3,NA,5,"Denominator cohort 3","12;18","Both",0,2020-09-01,2022-07-01,NA,NA,"PharMetrics Plus"
"170","26",510016,15810496,NA,2021-08-01,2021-08-31,43286.7789185489,NA,NA,NA,"FALSE","TRUE",27,"testneg_any_lc",FALSE,"months",FALSE,3,NA,5,"Denominator cohort 3","12;18","Both",0,2020-09-01,2022-07-01,NA,NA,"PharMetrics Plus"
"171","26",512485,15374550,NA,2021-09-01,2021-09-30,42093.2238193018,NA,NA,NA,"FALSE","TRUE",27,"testneg_any_lc",FALSE,"months",FALSE,3,NA,5,"Denominator cohort 3","12;18","Both",0,2020-09-01,2022-07-01,NA,NA,"PharMetrics Plus"
"172","26",513509,15918779,NA,2021-10-01,2021-10-31,43583.241615332,NA,NA,NA,"FALSE","TRUE",27,"testneg_any_lc",FALSE,"months",FALSE,3,NA,5,"Denominator cohort 3","12;18","Both",0,2020-09-01,2022-07-01,NA,NA,"PharMetrics Plus"
"173","26",514823,15444690,NA,2021-11-01,2021-11-30,42285.2566735113,NA,NA,NA,"FALSE","TRUE",27,"testneg_any_lc",FALSE,"months",FALSE,3,NA,5,"Denominator cohort 3","12;18","Both",0,2020-09-01,2022-07-01,NA,NA,"PharMetrics Plus"
"174","26",516068,15998108,NA,2021-12-01,2021-12-31,43800.4325804244,NA,NA,NA,"FALSE","TRUE",27,"testneg_any_lc",FALSE,"months",FALSE,3,NA,5,"Denominator cohort 3","12;18","Both",0,2020-09-01,2022-07-01,NA,NA,"PharMetrics Plus"
"175","26",494795,15338645,NA,2022-01-01,2022-01-31,41994.9212867899,NA,NA,NA,"FALSE","TRUE",27,"testneg_any_lc",FALSE,"months",FALSE,3,NA,5,"Denominator cohort 3","12;18","Both",0,2020-09-01,2022-07-01,NA,NA,"PharMetrics Plus"
"176","26",495554,13875512,NA,2022-02-01,2022-02-28,37989.0814510609,NA,NA,NA,"FALSE","TRUE",27,"testneg_any_lc",FALSE,"months",FALSE,3,NA,5,"Denominator cohort 3","12;18","Both",0,2020-09-01,2022-07-01,NA,NA,"PharMetrics Plus"
"177","26",495965,15374915,NA,2022-03-01,2022-03-31,42094.2231348392,NA,NA,NA,"FALSE","TRUE",27,"testneg_any_lc",FALSE,"months",FALSE,3,NA,5,"Denominator cohort 3","12;18","Both",0,2020-09-01,2022-07-01,NA,NA,"PharMetrics Plus"
"178","26",134229,4026870,NA,2022-04-01,2022-04-30,11024.9691991786,NA,NA,NA,"FALSE","TRUE",27,"testneg_any_lc",FALSE,"months",FALSE,3,NA,5,"Denominator cohort 3","12;18","Both",0,2020-09-01,2022-07-01,NA,NA,"PharMetrics Plus"
"179","26",134293,4163083,NA,2022-05-01,2022-05-31,11397.9000684463,NA,NA,NA,"FALSE","TRUE",27,"testneg_any_lc",FALSE,"months",FALSE,3,NA,5,"Denominator cohort 3","12;18","Both",0,2020-09-01,2022-07-01,NA,NA,"PharMetrics Plus"
"180","26",134289,4028670,NA,2022-06-01,2022-06-30,11029.8973305955,NA,NA,NA,"FALSE","TRUE",27,"testneg_any_lc",FALSE,"months",FALSE,3,NA,5,"Denominator cohort 3","12;18","Both",0,2020-09-01,2022-07-01,NA,NA,"PharMetrics Plus"
"181","27",869371,303218579,NA,2020-09-01,2022-06-30,830167.225188227,NA,NA,NA,"FALSE","TRUE",27,"testneg_any_lc",FALSE,"overall",FALSE,3,NA,5,"Denominator cohort 3","12;18","Both",0,2020-09-01,2022-07-01,NA,NA,"PharMetrics Plus"
"182","28",2196262,248911089,NA,2020-09-01,2020-12-31,681481.420944559,NA,NA,NA,"FALSE","TRUE",27,"testneg_any_lc",FALSE,"years",FALSE,4,NA,5,"Denominator cohort 4","19;40","Both",0,2020-09-01,2022-07-01,NA,NA,"PharMetrics Plus"
"183","28",2811969,766017504,NA,2021-01-01,2021-12-31,2097241.62628337,NA,NA,NA,"FALSE","TRUE",27,"testneg_any_lc",FALSE,"years",FALSE,4,NA,5,"Denominator cohort 4","19;40","Both",0,2020-09-01,2022-07-01,NA,NA,"PharMetrics Plus"
"184","28",2283345,233221161,NA,2022-01-01,2022-06-30,638524.739219713,NA,NA,NA,"FALSE","TRUE",27,"testneg_any_lc",FALSE,"years",FALSE,4,NA,5,"Denominator cohort 4","19;40","Both",0,2020-09-01,2022-07-01,NA,NA,"PharMetrics Plus"
"185","29",2038873,61166190,NA,2020-09-01,2020-09-30,167463.901437372,NA,NA,NA,"FALSE","TRUE",27,"testneg_any_lc",FALSE,"months",FALSE,4,NA,5,"Denominator cohort 4","19;40","Both",0,2020-09-01,2022-07-01,NA,NA,"PharMetrics Plus"
"186","29",2040216,63246696,NA,2020-10-01,2020-10-31,173160.016427105,NA,NA,NA,"FALSE","TRUE",27,"testneg_any_lc",FALSE,"months",FALSE,4,NA,5,"Denominator cohort 4","19;40","Both",0,2020-09-01,2022-07-01,NA,NA,"PharMetrics Plus"
"187","29",2040015,61200450,NA,2020-11-01,2020-11-30,167557.700205339,NA,NA,NA,"FALSE","TRUE",27,"testneg_any_lc",FALSE,"months",FALSE,4,NA,5,"Denominator cohort 4","19;40","Both",0,2020-09-01,2022-07-01,NA,NA,"PharMetrics Plus"
"188","29",2041863,63297753,NA,2020-12-01,2020-12-31,173299.802874743,NA,NA,NA,"FALSE","TRUE",27,"testneg_any_lc",FALSE,"months",FALSE,4,NA,5,"Denominator cohort 4","19;40","Both",0,2020-09-01,2022-07-01,NA,NA,"PharMetrics Plus"
"189","29",2051643,63600933,NA,2021-01-01,2021-01-31,174129.864476386,NA,NA,NA,"FALSE","TRUE",27,"testneg_any_lc",FALSE,"months",FALSE,4,NA,5,"Denominator cohort 4","19;40","Both",0,2020-09-01,2022-07-01,NA,NA,"PharMetrics Plus"
"190","29",2053341,57493548,NA,2021-02-01,2021-02-28,157408.755646817,NA,NA,NA,"FALSE","TRUE",27,"testneg_any_lc",FALSE,"months",FALSE,4,NA,5,"Denominator cohort 4","19;40","Both",0,2020-09-01,2022-07-01,NA,NA,"PharMetrics Plus"
"191","29",2060082,63862542,NA,2021-03-01,2021-03-31,174846.110882957,NA,NA,NA,"FALSE","TRUE",27,"testneg_any_lc",FALSE,"months",FALSE,4,NA,5,"Denominator cohort 4","19;40","Both",0,2020-09-01,2022-07-01,NA,NA,"PharMetrics Plus"
"192","29",2062488,61874640,NA,2021-04-01,2021-04-30,169403.531827515,NA,NA,NA,"FALSE","TRUE",27,"testneg_any_lc",FALSE,"months",FALSE,4,NA,5,"Denominator cohort 4","19;40","Both",0,2020-09-01,2022-07-01,NA,NA,"PharMetrics Plus"
"193","29",2066754,64069374,NA,2021-05-01,2021-05-31,175412.386036961,NA,NA,NA,"FALSE","TRUE",27,"testneg_any_lc",FALSE,"months",FALSE,4,NA,5,"Denominator cohort 4","19;40","Both",0,2020-09-01,2022-07-01,NA,NA,"PharMetrics Plus"
"194","29",2076141,62284230,NA,2021-06-01,2021-06-30,170524.928131417,NA,NA,NA,"FALSE","TRUE",27,"testneg_any_lc",FALSE,"months",FALSE,4,NA,5,"Denominator cohort 4","19;40","Both",0,2020-09-01,2022-07-01,NA,NA,"PharMetrics Plus"
"195","29",2091237,64828347,NA,2021-07-01,2021-07-31,177490.340862423,NA,NA,NA,"FALSE","TRUE",27,"testneg_any_lc",FALSE,"months",FALSE,4,NA,5,"Denominator cohort 4","19;40","Both",0,2020-09-01,2022-07-01,NA,NA,"PharMetrics Plus"
"196","29",2125667,65895677,NA,2021-08-01,2021-08-31,180412.531143053,NA,NA,NA,"FALSE","TRUE",27,"testneg_any_lc",FALSE,"months",FALSE,4,NA,5,"Denominator cohort 4","19;40","Both",0,2020-09-01,2022-07-01,NA,NA,"PharMetrics Plus"
"197","29",2139962,64198860,NA,2021-09-01,2021-09-30,175766.899383984,NA,NA,NA,"FALSE","TRUE",27,"testneg_any_lc",FALSE,"months",FALSE,4,NA,5,"Denominator cohort 4","19;40","Both",0,2020-09-01,2022-07-01,NA,NA,"PharMetrics Plus"
"198","29",2145509,66510779,NA,2021-10-01,2021-10-31,182096.588637919,NA,NA,NA,"FALSE","TRUE",27,"testneg_any_lc",FALSE,"months",FALSE,4,NA,5,"Denominator cohort 4","19;40","Both",0,2020-09-01,2022-07-01,NA,NA,"PharMetrics Plus"
"199","29",2150573,64517190,NA,2021-11-01,2021-11-30,176638.439425051,NA,NA,NA,"FALSE","TRUE",27,"testneg_any_lc",FALSE,"months",FALSE,4,NA,5,"Denominator cohort 4","19;40","Both",0,2020-09-01,2022-07-01,NA,NA,"PharMetrics Plus"
"200","29",2157464,66881384,NA,2021-12-01,2021-12-31,183111.249828884,NA,NA,NA,"FALSE","TRUE",27,"testneg_any_lc",FALSE,"months",FALSE,4,NA,5,"Denominator cohort 4","19;40","Both",0,2020-09-01,2022-07-01,NA,NA,"PharMetrics Plus"
"201","29",2132226,66099006,NA,2022-01-01,2022-01-31,180969.215605749,NA,NA,NA,"FALSE","TRUE",27,"testneg_any_lc",FALSE,"months",FALSE,4,NA,5,"Denominator cohort 4","19;40","Both",0,2020-09-01,2022-07-01,NA,NA,"PharMetrics Plus"
"202","29",2137929,59862012,NA,2022-02-01,2022-02-28,163893.256673511,NA,NA,NA,"FALSE","TRUE",27,"testneg_any_lc",FALSE,"months",FALSE,4,NA,5,"Denominator cohort 4","19;40","Both",0,2020-09-01,2022-07-01,NA,NA,"PharMetrics Plus"
"203","29",2137553,66264143,NA,2022-03-01,2022-03-31,181421.336071184,NA,NA,NA,"FALSE","TRUE",27,"testneg_any_lc",FALSE,"months",FALSE,4,NA,5,"Denominator cohort 4","19;40","Both",0,2020-09-01,2022-07-01,NA,NA,"PharMetrics Plus"
"204","29",451023,13530690,NA,2022-04-01,2022-04-30,37045.0102669405,NA,NA,NA,"FALSE","TRUE",27,"testneg_any_lc",FALSE,"months",FALSE,4,NA,5,"Denominator cohort 4","19;40","Both",0,2020-09-01,2022-07-01,NA,NA,"PharMetrics Plus"
"205","29",450520,13966120,NA,2022-05-01,2022-05-31,38237.1526351814,NA,NA,NA,"FALSE","TRUE",27,"testneg_any_lc",FALSE,"months",FALSE,4,NA,5,"Denominator cohort 4","19;40","Both",0,2020-09-01,2022-07-01,NA,NA,"PharMetrics Plus"
"206","29",449973,13499190,NA,2022-06-01,2022-06-30,36958.7679671458,NA,NA,NA,"FALSE","TRUE",27,"testneg_any_lc",FALSE,"months",FALSE,4,NA,5,"Denominator cohort 4","19;40","Both",0,2020-09-01,2022-07-01,NA,NA,"PharMetrics Plus"
"207","3",694748,233382489,NA,2020-09-01,2022-06-30,638966.431211499,NA,NA,NA,"FALSE","TRUE",1,"testneg_abdominal_pain",FALSE,"overall",FALSE,1,NA,5,"Denominator cohort 1","0;6","Both",0,2020-09-01,2022-07-01,NA,NA,"PharMetrics Plus"
"208","30",3696955,1248149754,NA,2020-09-01,2022-06-30,3417247.78644764,NA,NA,NA,"FALSE","TRUE",27,"testneg_any_lc",FALSE,"overall",FALSE,4,NA,5,"Denominator cohort 4","19;40","Both",0,2020-09-01,2022-07-01,NA,NA,"PharMetrics Plus"
"209","31",2561626,298886389,NA,2020-09-01,2020-12-31,818306.335386721,NA,NA,NA,"FALSE","TRUE",27,"testneg_any_lc",FALSE,"years",FALSE,5,NA,5,"Denominator cohort 5","41;64","Both",0,2020-09-01,2022-07-01,NA,NA,"PharMetrics Plus"
"210","31",2994719,909153889,NA,2021-01-01,2021-12-31,2489127.69062286,NA,NA,NA,"FALSE","TRUE",27,"testneg_any_lc",FALSE,"years",FALSE,5,NA,5,"Denominator cohort 5","41;64","Both",0,2020-09-01,2022-07-01,NA,NA,"PharMetrics Plus"
"211","31",2611564,269322298,NA,2022-01-01,2022-06-30,737364.265571526,NA,NA,NA,"FALSE","TRUE",27,"testneg_any_lc",FALSE,"years",FALSE,5,NA,5,"Denominator cohort 5","41;64","Both",0,2020-09-01,2022-07-01,NA,NA,"PharMetrics Plus"
"212","32",2454254,73627620,NA,2020-09-01,2020-09-30,201581.437371663,NA,NA,NA,"FALSE","TRUE",27,"testneg_any_lc",FALSE,"months",FALSE,5,NA,5,"Denominator cohort 5","41;64","Both",0,2020-09-01,2022-07-01,NA,NA,"PharMetrics Plus"
"213","32",2451879,76008249,NA,2020-10-01,2020-10-31,208099.244353183,NA,NA,NA,"FALSE","TRUE",27,"testneg_any_lc",FALSE,"months",FALSE,5,NA,5,"Denominator cohort 5","41;64","Both",0,2020-09-01,2022-07-01,NA,NA,"PharMetrics Plus"
"214","32",2448414,73452420,NA,2020-11-01,2020-11-30,201101.765913758,NA,NA,NA,"FALSE","TRUE",27,"testneg_any_lc",FALSE,"months",FALSE,5,NA,5,"Denominator cohort 5","41;64","Both",0,2020-09-01,2022-07-01,NA,NA,"PharMetrics Plus"
"215","32",2445100,75798100,NA,2020-12-01,2020-12-31,207523.887748118,NA,NA,NA,"FALSE","TRUE",27,"testneg_any_lc",FALSE,"months",FALSE,5,NA,5,"Denominator cohort 5","41;64","Both",0,2020-09-01,2022-07-01,NA,NA,"PharMetrics Plus"
"216","32",2462269,76330339,NA,2021-01-01,2021-01-31,208981.07871321,NA,NA,NA,"FALSE","TRUE",27,"testneg_any_lc",FALSE,"months",FALSE,5,NA,5,"Denominator cohort 5","41;64","Both",0,2020-09-01,2022-07-01,NA,NA,"PharMetrics Plus"
"217","32",2461921,68933788,NA,2021-02-01,2021-02-28,188730.425735797,NA,NA,NA,"FALSE","TRUE",27,"testneg_any_lc",FALSE,"months",FALSE,5,NA,5,"Denominator cohort 5","41;64","Both",0,2020-09-01,2022-07-01,NA,NA,"PharMetrics Plus"
"218","32",2467401,76489431,NA,2021-03-01,2021-03-31,209416.648870637,NA,NA,NA,"FALSE","TRUE",27,"testneg_any_lc",FALSE,"months",FALSE,5,NA,5,"Denominator cohort 5","41;64","Both",0,2020-09-01,2022-07-01,NA,NA,"PharMetrics Plus"
"219","32",2470276,74108280,NA,2021-04-01,2021-04-30,202897.412731006,NA,NA,NA,"FALSE","TRUE",27,"testneg_any_lc",FALSE,"months",FALSE,5,NA,5,"Denominator cohort 5","41;64","Both",0,2020-09-01,2022-07-01,NA,NA,"PharMetrics Plus"
"220","32",2475060,76726860,NA,2021-05-01,2021-05-31,210066.694045175,NA,NA,NA,"FALSE","TRUE",27,"testneg_any_lc",FALSE,"months",FALSE,5,NA,5,"Denominator cohort 5","41;64","Both",0,2020-09-01,2022-07-01,NA,NA,"PharMetrics Plus"
"221","32",2481845,74455350,NA,2021-06-01,2021-06-30,203847.638603696,NA,NA,NA,"FALSE","TRUE",27,"testneg_any_lc",FALSE,"months",FALSE,5,NA,5,"Denominator cohort 5","41;64","Both",0,2020-09-01,2022-07-01,NA,NA,"PharMetrics Plus"
"222","32",2492310,77261610,NA,2021-07-01,2021-07-31,211530.759753593,NA,NA,NA,"FALSE","TRUE",27,"testneg_any_lc",FALSE,"months",FALSE,5,NA,5,"Denominator cohort 5","41;64","Both",0,2020-09-01,2022-07-01,NA,NA,"PharMetrics Plus"
"223","32",2504020,77624620,NA,2021-08-01,2021-08-31,212524.62696783,NA,NA,NA,"FALSE","TRUE",27,"testneg_any_lc",FALSE,"months",FALSE,5,NA,5,"Denominator cohort 5","41;64","Both",0,2020-09-01,2022-07-01,NA,NA,"PharMetrics Plus"
"224","32",2516600,75498000,NA,2021-09-01,2021-09-30,206702.258726899,NA,NA,NA,"FALSE","TRUE",27,"testneg_any_lc",FALSE,"months",FALSE,5,NA,5,"Denominator cohort 5","41;64","Both",0,2020-09-01,2022-07-01,NA,NA,"PharMetrics Plus"
"225","32",2517542,78043802,NA,2021-10-01,2021-10-31,213672.284736482,NA,NA,NA,"FALSE","TRUE",27,"testneg_any_lc",FALSE,"months",FALSE,5,NA,5,"Denominator cohort 5","41;64","Both",0,2020-09-01,2022-07-01,NA,NA,"PharMetrics Plus"
"226","32",2519224,75576720,NA,2021-11-01,2021-11-30,206917.782340862,NA,NA,NA,"FALSE","TRUE",27,"testneg_any_lc",FALSE,"months",FALSE,5,NA,5,"Denominator cohort 5","41;64","Both",0,2020-09-01,2022-07-01,NA,NA,"PharMetrics Plus"
"227","32",2519519,78105089,NA,2021-12-01,2021-12-31,213840.079397673,NA,NA,NA,"FALSE","TRUE",27,"testneg_any_lc",FALSE,"months",FALSE,5,NA,5,"Denominator cohort 5","41;64","Both",0,2020-09-01,2022-07-01,NA,NA,"PharMetrics Plus"
"228","32",2494211,77320541,NA,2022-01-01,2022-01-31,211692.10403833,NA,NA,NA,"FALSE","TRUE",27,"testneg_any_lc",FALSE,"months",FALSE,5,NA,5,"Denominator cohort 5","41;64","Both",0,2020-09-01,2022-07-01,NA,NA,"PharMetrics Plus"
"229","32",2498885,69968780,NA,2022-02-01,2022-02-28,191564.079397673,NA,NA,NA,"FALSE","TRUE",27,"testneg_any_lc",FALSE,"months",FALSE,5,NA,5,"Denominator cohort 5","41;64","Both",0,2020-09-01,2022-07-01,NA,NA,"PharMetrics Plus"
"230","32",2498731,77460661,NA,2022-03-01,2022-03-31,212075.731690623,NA,NA,NA,"FALSE","TRUE",27,"testneg_any_lc",FALSE,"months",FALSE,5,NA,5,"Denominator cohort 5","41;64","Both",0,2020-09-01,2022-07-01,NA,NA,"PharMetrics Plus"
"231","32",490232,14706960,NA,2022-04-01,2022-04-30,40265.4620123203,NA,NA,NA,"FALSE","TRUE",27,"testneg_any_lc",FALSE,"months",FALSE,5,NA,5,"Denominator cohort 5","41;64","Both",0,2020-09-01,2022-07-01,NA,NA,"PharMetrics Plus"
"232","32",489956,15188636,NA,2022-05-01,2022-05-31,41584.219028063,NA,NA,NA,"FALSE","TRUE",27,"testneg_any_lc",FALSE,"months",FALSE,5,NA,5,"Denominator cohort 5","41;64","Both",0,2020-09-01,2022-07-01,NA,NA,"PharMetrics Plus"
"233","32",489224,14676720,NA,2022-06-01,2022-06-30,40182.6694045175,NA,NA,NA,"FALSE","TRUE",27,"testneg_any_lc",FALSE,"months",FALSE,5,NA,5,"Denominator cohort 5","41;64","Both",0,2020-09-01,2022-07-01,NA,NA,"PharMetrics Plus"
"234","33",3841761,1477362576,NA,2020-09-01,2022-06-30,4044798.29158111,NA,NA,NA,"FALSE","TRUE",27,"testneg_any_lc",FALSE,"overall",FALSE,5,NA,5,"Denominator cohort 5","41;64","Both",0,2020-09-01,2022-07-01,NA,NA,"PharMetrics Plus"
"235","34",2009763,239569767,NA,2020-09-01,2020-12-31,655906.275154004,NA,NA,NA,"FALSE","TRUE",27,"testneg_any_lc",FALSE,"years",FALSE,6,NA,5,"Denominator cohort 6","65;120","Both",0,2020-09-01,2022-07-01,NA,NA,"PharMetrics Plus"
"236","34",2335813,765924805,NA,2021-01-01,2021-12-31,2096987.83025325,NA,NA,NA,"FALSE","TRUE",27,"testneg_any_lc",FALSE,"years",FALSE,6,NA,5,"Denominator cohort 6","65;120","Both",0,2020-09-01,2022-07-01,NA,NA,"PharMetrics Plus"
"237","34",2234804,210655227,NA,2022-01-01,2022-06-30,576742.579055441,NA,NA,NA,"FALSE","TRUE",27,"testneg_any_lc",FALSE,"years",FALSE,6,NA,5,"Denominator cohort 6","65;120","Both",0,2020-09-01,2022-07-01,NA,NA,"PharMetrics Plus"
"238","35",1967063,59011890,NA,2020-09-01,2020-09-30,161565.749486653,NA,NA,NA,"FALSE","TRUE",27,"testneg_any_lc",FALSE,"months",FALSE,6,NA,5,"Denominator cohort 6","65;120","Both",0,2020-09-01,2022-07-01,NA,NA,"PharMetrics Plus"
"239","35",1966586,60964166,NA,2020-10-01,2020-10-31,166910.789869952,NA,NA,NA,"FALSE","TRUE",27,"testneg_any_lc",FALSE,"months",FALSE,6,NA,5,"Denominator cohort 6","65;120","Both",0,2020-09-01,2022-07-01,NA,NA,"PharMetrics Plus"
"240","35",1962838,58885140,NA,2020-11-01,2020-11-30,161218.726899384,NA,NA,NA,"FALSE","TRUE",27,"testneg_any_lc",FALSE,"months",FALSE,6,NA,5,"Denominator cohort 6","65;120","Both",0,2020-09-01,2022-07-01,NA,NA,"PharMetrics Plus"
"241","35",1958341,60708571,NA,2020-12-01,2020-12-31,166211.008898015,NA,NA,NA,"FALSE","TRUE",27,"testneg_any_lc",FALSE,"months",FALSE,6,NA,5,"Denominator cohort 6","65;120","Both",0,2020-09-01,2022-07-01,NA,NA,"PharMetrics Plus"
"242","35",2113146,65507526,NA,2021-01-01,2021-01-31,179349.831622177,NA,NA,NA,"FALSE","TRUE",27,"testneg_any_lc",FALSE,"months",FALSE,6,NA,5,"Denominator cohort 6","65;120","Both",0,2020-09-01,2022-07-01,NA,NA,"PharMetrics Plus"
"243","35",2104776,58933728,NA,2021-02-01,2021-02-28,161351.753593429,NA,NA,NA,"FALSE","TRUE",27,"testneg_any_lc",FALSE,"months",FALSE,6,NA,5,"Denominator cohort 6","65;120","Both",0,2020-09-01,2022-07-01,NA,NA,"PharMetrics Plus"
"244","35",2101637,65150747,NA,2021-03-01,2021-03-31,178373.023956194,NA,NA,NA,"FALSE","TRUE",27,"testneg_any_lc",FALSE,"months",FALSE,6,NA,5,"Denominator cohort 6","65;120","Both",0,2020-09-01,2022-07-01,NA,NA,"PharMetrics Plus"
"245","35",2100377,63011310,NA,2021-04-01,2021-04-30,172515.564681725,NA,NA,NA,"FALSE","TRUE",27,"testneg_any_lc",FALSE,"months",FALSE,6,NA,5,"Denominator cohort 6","65;120","Both",0,2020-09-01,2022-07-01,NA,NA,"PharMetrics Plus"
"246","35",2097153,65011743,NA,2021-05-01,2021-05-31,177992.45174538,NA,NA,NA,"FALSE","TRUE",27,"testneg_any_lc",FALSE,"months",FALSE,6,NA,5,"Denominator cohort 6","65;120","Both",0,2020-09-01,2022-07-01,NA,NA,"PharMetrics Plus"
"247","35",2095869,62876070,NA,2021-06-01,2021-06-30,172145.297741273,NA,NA,NA,"FALSE","TRUE",27,"testneg_any_lc",FALSE,"months",FALSE,6,NA,5,"Denominator cohort 6","65;120","Both",0,2020-09-01,2022-07-01,NA,NA,"PharMetrics Plus"
"248","35",2097172,65012332,NA,2021-07-01,2021-07-31,177994.064339493,NA,NA,NA,"FALSE","TRUE",27,"testneg_any_lc",FALSE,"months",FALSE,6,NA,5,"Denominator cohort 6","65;120","Both",0,2020-09-01,2022-07-01,NA,NA,"PharMetrics Plus"
"249","35",2096766,64999746,NA,2021-08-01,2021-08-31,177959.605749487,NA,NA,NA,"FALSE","TRUE",27,"testneg_any_lc",FALSE,"months",FALSE,6,NA,5,"Denominator cohort 6","65;120","Both",0,2020-09-01,2022-07-01,NA,NA,"PharMetrics Plus"
"250","35",2097970,62939100,NA,2021-09-01,2021-09-30,172317.864476386,NA,NA,NA,"FALSE","TRUE",27,"testneg_any_lc",FALSE,"months",FALSE,6,NA,5,"Denominator cohort 6","65;120","Both",0,2020-09-01,2022-07-01,NA,NA,"PharMetrics Plus"
"251","35",2096378,64987718,NA,2021-10-01,2021-10-31,177926.674880219,NA,NA,NA,"FALSE","TRUE",27,"testneg_any_lc",FALSE,"months",FALSE,6,NA,5,"Denominator cohort 6","65;120","Both",0,2020-09-01,2022-07-01,NA,NA,"PharMetrics Plus"
"252","35",2092314,62769420,NA,2021-11-01,2021-11-30,171853.305954825,NA,NA,NA,"FALSE","TRUE",27,"testneg_any_lc",FALSE,"months",FALSE,6,NA,5,"Denominator cohort 6","65;120","Both",0,2020-09-01,2022-07-01,NA,NA,"PharMetrics Plus"
"253","35",2087915,64725365,NA,2021-12-01,2021-12-31,177208.391512663,NA,NA,NA,"FALSE","TRUE",27,"testneg_any_lc",FALSE,"months",FALSE,6,NA,5,"Denominator cohort 6","65;120","Both",0,2020-09-01,2022-07-01,NA,NA,"PharMetrics Plus"
"254","35",2176936,67485016,NA,2022-01-01,2022-01-31,184763.904175222,NA,NA,NA,"FALSE","TRUE",27,"testneg_any_lc",FALSE,"months",FALSE,6,NA,5,"Denominator cohort 6","65;120","Both",0,2020-09-01,2022-07-01,NA,NA,"PharMetrics Plus"
"255","35",2171194,60793432,NA,2022-02-01,2022-02-28,166443.345653662,NA,NA,NA,"FALSE","TRUE",27,"testneg_any_lc",FALSE,"months",FALSE,6,NA,5,"Denominator cohort 6","65;120","Both",0,2020-09-01,2022-07-01,NA,NA,"PharMetrics Plus"
"256","35",2168551,67225081,NA,2022-03-01,2022-03-31,184052.240930869,NA,NA,NA,"FALSE","TRUE",27,"testneg_any_lc",FALSE,"months",FALSE,6,NA,5,"Denominator cohort 6","65;120","Both",0,2020-09-01,2022-07-01,NA,NA,"PharMetrics Plus"
"257","35",167320,5019600,NA,2022-04-01,2022-04-30,13742.9158110883,NA,NA,NA,"FALSE","TRUE",27,"testneg_any_lc",FALSE,"months",FALSE,6,NA,5,"Denominator cohort 6","65;120","Both",0,2020-09-01,2022-07-01,NA,NA,"PharMetrics Plus"
"258","35",166458,5160198,NA,2022-05-01,2022-05-31,14127.8521560575,NA,NA,NA,"FALSE","TRUE",27,"testneg_any_lc",FALSE,"months",FALSE,6,NA,5,"Denominator cohort 6","65;120","Both",0,2020-09-01,2022-07-01,NA,NA,"PharMetrics Plus"
"259","35",165730,4971900,NA,2022-06-01,2022-06-30,13612.3203285421,NA,NA,NA,"FALSE","TRUE",27,"testneg_any_lc",FALSE,"months",FALSE,6,NA,5,"Denominator cohort 6","65;120","Both",0,2020-09-01,2022-07-01,NA,NA,"PharMetrics Plus"
"260","36",2813313,1216149799,NA,2020-09-01,2022-06-30,3329636.6844627,NA,NA,NA,"FALSE","TRUE",27,"testneg_any_lc",FALSE,"overall",FALSE,6,NA,5,"Denominator cohort 6","65;120","Both",0,2020-09-01,2022-07-01,NA,NA,"PharMetrics Plus"
"261","4",335279,38996047,NA,2020-09-01,2020-12-31,106765.35797399,NA,NA,NA,"FALSE","TRUE",1,"testneg_abdominal_pain",FALSE,"years",FALSE,2,NA,5,"Denominator cohort 2","7;11","Both",0,2020-09-01,2022-07-01,NA,NA,"PharMetrics Plus"
"262","4",390862,117439523,NA,2021-01-01,2021-12-31,321531.890485968,NA,NA,NA,"FALSE","TRUE",1,"testneg_abdominal_pain",FALSE,"years",FALSE,2,NA,5,"Denominator cohort 2","7;11","Both",0,2020-09-01,2022-07-01,NA,NA,"PharMetrics Plus"
"263","4",336285,37120098,NA,2022-01-01,2022-06-30,101629.289527721,NA,NA,NA,"FALSE","TRUE",1,"testneg_abdominal_pain",FALSE,"years",FALSE,2,NA,5,"Denominator cohort 2","7;11","Both",0,2020-09-01,2022-07-01,NA,NA,"PharMetrics Plus"
"264","5",319456,9583680,NA,2020-09-01,2020-09-30,26238.6858316222,NA,NA,NA,"FALSE","TRUE",1,"testneg_abdominal_pain",FALSE,"months",FALSE,2,NA,5,"Denominator cohort 2","7;11","Both",0,2020-09-01,2022-07-01,NA,NA,"PharMetrics Plus"
"265","5",319672,9909832,NA,2020-10-01,2020-10-31,27131.6413415469,NA,NA,NA,"FALSE","TRUE",1,"testneg_abdominal_pain",FALSE,"months",FALSE,2,NA,5,"Denominator cohort 2","7;11","Both",0,2020-09-01,2022-07-01,NA,NA,"PharMetrics Plus"
"266","5",319640,9589200,NA,2020-11-01,2020-11-30,26253.7987679671,NA,NA,NA,"FALSE","TRUE",1,"testneg_abdominal_pain",FALSE,"months",FALSE,2,NA,5,"Denominator cohort 2","7;11","Both",0,2020-09-01,2022-07-01,NA,NA,"PharMetrics Plus"
"267","5",319785,9913335,NA,2020-12-01,2020-12-31,27141.2320328542,NA,NA,NA,"FALSE","TRUE",1,"testneg_abdominal_pain",FALSE,"months",FALSE,2,NA,5,"Denominator cohort 2","7;11","Both",0,2020-09-01,2022-07-01,NA,NA,"PharMetrics Plus"
"268","5",317567,9844577,NA,2021-01-01,2021-01-31,26952.9828884326,NA,NA,NA,"FALSE","TRUE",1,"testneg_abdominal_pain",FALSE,"months",FALSE,2,NA,5,"Denominator cohort 2","7;11","Both",0,2020-09-01,2022-07-01,NA,NA,"PharMetrics Plus"
"269","5",318017,8904476,NA,2021-02-01,2021-02-28,24379.1266255989,NA,NA,NA,"FALSE","TRUE",1,"testneg_abdominal_pain",FALSE,"months",FALSE,2,NA,5,"Denominator cohort 2","7;11","Both",0,2020-09-01,2022-07-01,NA,NA,"PharMetrics Plus"
"270","5",318910,9886210,NA,2021-03-01,2021-03-31,27066.9678302533,NA,NA,NA,"FALSE","TRUE",1,"testneg_abdominal_pain",FALSE,"months",FALSE,2,NA,5,"Denominator cohort 2","7;11","Both",0,2020-09-01,2022-07-01,NA,NA,"PharMetrics Plus"
"271","5",318749,9562470,NA,2021-04-01,2021-04-30,26180.6160164271,NA,NA,NA,"FALSE","TRUE",1,"testneg_abdominal_pain",FALSE,"months",FALSE,2,NA,5,"Denominator cohort 2","7;11","Both",0,2020-09-01,2022-07-01,NA,NA,"PharMetrics Plus"
"272","5",319014,9889434,NA,2021-05-01,2021-05-31,27075.794661191,NA,NA,NA,"FALSE","TRUE",1,"testneg_abdominal_pain",FALSE,"months",FALSE,2,NA,5,"Denominator cohort 2","7;11","Both",0,2020-09-01,2022-07-01,NA,NA,"PharMetrics Plus"
"273","5",320214,9606420,NA,2021-06-01,2021-06-30,26300.9445585216,NA,NA,NA,"FALSE","TRUE",1,"testneg_abdominal_pain",FALSE,"months",FALSE,2,NA,5,"Denominator cohort 2","7;11","Both",0,2020-09-01,2022-07-01,NA,NA,"PharMetrics Plus"
"274","5",321519,9967089,NA,2021-07-01,2021-07-31,27288.4024640657,NA,NA,NA,"FALSE","TRUE",1,"testneg_abdominal_pain",FALSE,"months",FALSE,2,NA,5,"Denominator cohort 2","7;11","Both",0,2020-09-01,2022-07-01,NA,NA,"PharMetrics Plus"
"275","5",322924,10010644,NA,2021-08-01,2021-08-31,27407.6495550992,NA,NA,NA,"FALSE","TRUE",1,"testneg_abdominal_pain",FALSE,"months",FALSE,2,NA,5,"Denominator cohort 2","7;11","Both",0,2020-09-01,2022-07-01,NA,NA,"PharMetrics Plus"
"276","5",324658,9739740,NA,2021-09-01,2021-09-30,26665.954825462,NA,NA,NA,"FALSE","TRUE",1,"testneg_abdominal_pain",FALSE,"months",FALSE,2,NA,5,"Denominator cohort 2","7;11","Both",0,2020-09-01,2022-07-01,NA,NA,"PharMetrics Plus"
"277","5",325645,10094995,NA,2021-10-01,2021-10-31,27638.5900068446,NA,NA,NA,"FALSE","TRUE",1,"testneg_abdominal_pain",FALSE,"months",FALSE,2,NA,5,"Denominator cohort 2","7;11","Both",0,2020-09-01,2022-07-01,NA,NA,"PharMetrics Plus"
"278","5",326427,9792810,NA,2021-11-01,2021-11-30,26811.2525667351,NA,NA,NA,"FALSE","TRUE",1,"testneg_abdominal_pain",FALSE,"months",FALSE,2,NA,5,"Denominator cohort 2","7;11","Both",0,2020-09-01,2022-07-01,NA,NA,"PharMetrics Plus"
"279","5",327118,10140658,NA,2021-12-01,2021-12-31,27763.6084873374,NA,NA,NA,"FALSE","TRUE",1,"testneg_abdominal_pain",FALSE,"months",FALSE,2,NA,5,"Denominator cohort 2","7;11","Both",0,2020-09-01,2022-07-01,NA,NA,"PharMetrics Plus"
"280","5",321256,9958936,NA,2022-01-01,2022-01-31,27266.0807665982,NA,NA,NA,"FALSE","TRUE",1,"testneg_abdominal_pain",FALSE,"months",FALSE,2,NA,5,"Denominator cohort 2","7;11","Both",0,2020-09-01,2022-07-01,NA,NA,"PharMetrics Plus"
"281","5",321778,9009784,NA,2022-02-01,2022-02-28,24667.4442162902,NA,NA,NA,"FALSE","TRUE",1,"testneg_abdominal_pain",FALSE,"months",FALSE,2,NA,5,"Denominator cohort 2","7;11","Both",0,2020-09-01,2022-07-01,NA,NA,"PharMetrics Plus"
"282","5",321968,9981008,NA,2022-03-01,2022-03-31,27326.5106091718,NA,NA,NA,"FALSE","TRUE",1,"testneg_abdominal_pain",FALSE,"months",FALSE,2,NA,5,"Denominator cohort 2","7;11","Both",0,2020-09-01,2022-07-01,NA,NA,"PharMetrics Plus"
"283","5",89834,2695020,NA,2022-04-01,2022-04-30,7378.56262833676,NA,NA,NA,"FALSE","TRUE",1,"testneg_abdominal_pain",FALSE,"months",FALSE,2,NA,5,"Denominator cohort 2","7;11","Both",0,2020-09-01,2022-07-01,NA,NA,"PharMetrics Plus"
"284","5",89840,2785040,NA,2022-05-01,2022-05-31,7625.02395619439,NA,NA,NA,"FALSE","TRUE",1,"testneg_abdominal_pain",FALSE,"months",FALSE,2,NA,5,"Denominator cohort 2","7;11","Both",0,2020-09-01,2022-07-01,NA,NA,"PharMetrics Plus"
"285","5",89677,2690310,NA,2022-06-01,2022-06-30,7365.66735112936,NA,NA,NA,"FALSE","TRUE",1,"testneg_abdominal_pain",FALSE,"months",FALSE,2,NA,5,"Denominator cohort 2","7;11","Both",0,2020-09-01,2022-07-01,NA,NA,"PharMetrics Plus"
"286","6",595303,193555668,NA,2020-09-01,2022-06-30,529926.53798768,NA,NA,NA,"FALSE","TRUE",1,"testneg_abdominal_pain",FALSE,"overall",FALSE,2,NA,5,"Denominator cohort 2","7;11","Both",0,2020-09-01,2022-07-01,NA,NA,"PharMetrics Plus"
"287","7",528596,61611323,NA,2020-09-01,2020-12-31,168682.6091718,NA,NA,NA,"FALSE","TRUE",1,"testneg_abdominal_pain",FALSE,"years",FALSE,3,NA,5,"Denominator cohort 3","12;18","Both",0,2020-09-01,2022-07-01,NA,NA,"PharMetrics Plus"
"288","7",610781,184799561,NA,2021-01-01,2021-12-31,505953.623545517,NA,NA,NA,"FALSE","TRUE",1,"testneg_abdominal_pain",FALSE,"years",FALSE,3,NA,5,"Denominator cohort 3","12;18","Both",0,2020-09-01,2022-07-01,NA,NA,"PharMetrics Plus"
"289","7",516660,56807695,NA,2022-01-01,2022-06-30,155530.99247091,NA,NA,NA,"FALSE","TRUE",1,"testneg_abdominal_pain",FALSE,"years",FALSE,3,NA,5,"Denominator cohort 3","12;18","Both",0,2020-09-01,2022-07-01,NA,NA,"PharMetrics Plus"
"290","8",505082,15152460,NA,2020-09-01,2020-09-30,41485.1745379877,NA,NA,NA,"FALSE","TRUE",1,"testneg_abdominal_pain",FALSE,"months",FALSE,3,NA,5,"Denominator cohort 3","12;18","Both",0,2020-09-01,2022-07-01,NA,NA,"PharMetrics Plus"
"291","8",504947,15653357,NA,2020-10-01,2020-10-31,42856.5557837098,NA,NA,NA,"FALSE","TRUE",1,"testneg_abdominal_pain",FALSE,"months",FALSE,3,NA,5,"Denominator cohort 3","12;18","Both",0,2020-09-01,2022-07-01,NA,NA,"PharMetrics Plus"
"292","8",505083,15152490,NA,2020-11-01,2020-11-30,41485.2566735113,NA,NA,NA,"FALSE","TRUE",1,"testneg_abdominal_pain",FALSE,"months",FALSE,3,NA,5,"Denominator cohort 3","12;18","Both",0,2020-09-01,2022-07-01,NA,NA,"PharMetrics Plus"
"293","8",504936,15653016,NA,2020-12-01,2020-12-31,42855.6221765914,NA,NA,NA,"FALSE","TRUE",1,"testneg_abdominal_pain",FALSE,"months",FALSE,3,NA,5,"Denominator cohort 3","12;18","Both",0,2020-09-01,2022-07-01,NA,NA,"PharMetrics Plus"
"294","8",499451,15482981,NA,2021-01-01,2021-01-31,42390.0917180014,NA,NA,NA,"FALSE","TRUE",1,"testneg_abdominal_pain",FALSE,"months",FALSE,3,NA,5,"Denominator cohort 3","12;18","Both",0,2020-09-01,2022-07-01,NA,NA,"PharMetrics Plus"
"295","8",499601,13988828,NA,2021-02-01,2021-02-28,38299.3237508556,NA,NA,NA,"FALSE","TRUE",1,"testneg_abdominal_pain",FALSE,"months",FALSE,3,NA,5,"Denominator cohort 3","12;18","Both",0,2020-09-01,2022-07-01,NA,NA,"PharMetrics Plus"
"296","8",500718,15522258,NA,2021-03-01,2021-03-31,42497.6262833676,NA,NA,NA,"FALSE","TRUE",1,"testneg_abdominal_pain",FALSE,"months",FALSE,3,NA,5,"Denominator cohort 3","12;18","Both",0,2020-09-01,2022-07-01,NA,NA,"PharMetrics Plus"
"297","8",500518,15015540,NA,2021-04-01,2021-04-30,41110.3080082135,NA,NA,NA,"FALSE","TRUE",1,"testneg_abdominal_pain",FALSE,"months",FALSE,3,NA,5,"Denominator cohort 3","12;18","Both",0,2020-09-01,2022-07-01,NA,NA,"PharMetrics Plus"
"298","8",501118,15534658,NA,2021-05-01,2021-05-31,42531.575633128,NA,NA,NA,"FALSE","TRUE",1,"testneg_abdominal_pain",FALSE,"months",FALSE,3,NA,5,"Denominator cohort 3","12;18","Both",0,2020-09-01,2022-07-01,NA,NA,"PharMetrics Plus"
"299","8",502468,15074040,NA,2021-06-01,2021-06-30,41270.4722792608,NA,NA,NA,"FALSE","TRUE",1,"testneg_abdominal_pain",FALSE,"months",FALSE,3,NA,5,"Denominator cohort 3","12;18","Both",0,2020-09-01,2022-07-01,NA,NA,"PharMetrics Plus"
"300","8",504343,15634633,NA,2021-07-01,2021-07-31,42805.2922655715,NA,NA,NA,"FALSE","TRUE",1,"testneg_abdominal_pain",FALSE,"months",FALSE,3,NA,5,"Denominator cohort 3","12;18","Both",0,2020-09-01,2022-07-01,NA,NA,"PharMetrics Plus"
"301","8",510016,15810496,NA,2021-08-01,2021-08-31,43286.7789185489,NA,NA,NA,"FALSE","TRUE",1,"testneg_abdominal_pain",FALSE,"months",FALSE,3,NA,5,"Denominator cohort 3","12;18","Both",0,2020-09-01,2022-07-01,NA,NA,"PharMetrics Plus"
"302","8",512485,15374550,NA,2021-09-01,2021-09-30,42093.2238193018,NA,NA,NA,"FALSE","TRUE",1,"testneg_abdominal_pain",FALSE,"months",FALSE,3,NA,5,"Denominator cohort 3","12;18","Both",0,2020-09-01,2022-07-01,NA,NA,"PharMetrics Plus"
"303","8",513509,15918779,NA,2021-10-01,2021-10-31,43583.241615332,NA,NA,NA,"FALSE","TRUE",1,"testneg_abdominal_pain",FALSE,"months",FALSE,3,NA,5,"Denominator cohort 3","12;18","Both",0,2020-09-01,2022-07-01,NA,NA,"PharMetrics Plus"
"304","8",514823,15444690,NA,2021-11-01,2021-11-30,42285.2566735113,NA,NA,NA,"FALSE","TRUE",1,"testneg_abdominal_pain",FALSE,"months",FALSE,3,NA,5,"Denominator cohort 3","12;18","Both",0,2020-09-01,2022-07-01,NA,NA,"PharMetrics Plus"
"305","8",516068,15998108,NA,2021-12-01,2021-12-31,43800.4325804244,NA,NA,NA,"FALSE","TRUE",1,"testneg_abdominal_pain",FALSE,"months",FALSE,3,NA,5,"Denominator cohort 3","12;18","Both",0,2020-09-01,2022-07-01,NA,NA,"PharMetrics Plus"
"306","8",494795,15338645,NA,2022-01-01,2022-01-31,41994.9212867899,NA,NA,NA,"FALSE","TRUE",1,"testneg_abdominal_pain",FALSE,"months",FALSE,3,NA,5,"Denominator cohort 3","12;18","Both",0,2020-09-01,2022-07-01,NA,NA,"PharMetrics Plus"
"307","8",495554,13875512,NA,2022-02-01,2022-02-28,37989.0814510609,NA,NA,NA,"FALSE","TRUE",1,"testneg_abdominal_pain",FALSE,"months",FALSE,3,NA,5,"Denominator cohort 3","12;18","Both",0,2020-09-01,2022-07-01,NA,NA,"PharMetrics Plus"
"308","8",495965,15374915,NA,2022-03-01,2022-03-31,42094.2231348392,NA,NA,NA,"FALSE","TRUE",1,"testneg_abdominal_pain",FALSE,"months",FALSE,3,NA,5,"Denominator cohort 3","12;18","Both",0,2020-09-01,2022-07-01,NA,NA,"PharMetrics Plus"
"309","8",134229,4026870,NA,2022-04-01,2022-04-30,11024.9691991786,NA,NA,NA,"FALSE","TRUE",1,"testneg_abdominal_pain",FALSE,"months",FALSE,3,NA,5,"Denominator cohort 3","12;18","Both",0,2020-09-01,2022-07-01,NA,NA,"PharMetrics Plus"
"310","8",134293,4163083,NA,2022-05-01,2022-05-31,11397.9000684463,NA,NA,NA,"FALSE","TRUE",1,"testneg_abdominal_pain",FALSE,"months",FALSE,3,NA,5,"Denominator cohort 3","12;18","Both",0,2020-09-01,2022-07-01,NA,NA,"PharMetrics Plus"
"311","8",134289,4028670,NA,2022-06-01,2022-06-30,11029.8973305955,NA,NA,NA,"FALSE","TRUE",1,"testneg_abdominal_pain",FALSE,"months",FALSE,3,NA,5,"Denominator cohort 3","12;18","Both",0,2020-09-01,2022-07-01,NA,NA,"PharMetrics Plus"
"312","9",869371,303218579,NA,2020-09-01,2022-06-30,830167.225188227,NA,NA,NA,"FALSE","TRUE",1,"testneg_abdominal_pain",FALSE,"overall",FALSE,3,NA,5,"Denominator cohort 3","12;18","Both",0,2020-09-01,2022-07-01,NA,NA,"PharMetrics Plus"
